country,year,countryyear,iso3c,iso3n,cowcode,hrmicode,disap_mean,disap_sd,disap_lo,disap_hi,exkill_mean,exkill_sd,exkill_lo,exkill_hi,arrest_mean,arrest_sd,arrest_lo,arrest_hi,tort_mean,tort_sd,tort_lo,tort_hi,dpex_mean,dpex_sd,dpex_lo,dpex_hi,express_mean,express_sd,express_lo,express_hi,polpart_mean,polpart_sd,polpart_lo,polpart_hi,assem_mean,assem_sd,assem_lo,assem_hi,rel_mean,rel_sd,rel_lo,rel_hi,physint_mean,physint_sd,physint_lo,physint_hi,empower_mean,empower_sd,empower_lo,empower_hi
Angola,2017,AGO2017,AGO,24,540,1,6.4641614,.89810622,5.3145852,7.6137376,5.0889416,.7123915,4.1770806,6.0008025,3.7899294,.49456775,3.1568828,4.422976,3.4392095,.51408279,2.7811835,4.0972352,10,0,10,10,3.4531848,1.3755578,1.6924709,5.2138987,3.0862069,.78368896,2.0830851,4.0893288,2.7237363,.87913299,1.598446,3.8490264,,,,,4.4018683,.79570484,3.3833661,5.4203706,2.7355831,.7373814,1.7917349,3.6794312
Angola,2018,AGO2018,AGO,24,540,1,7.1740689,.4911924,6.5453424,7.8027954,5.2830458,.31339714,4.8818974,5.6841941,4.8502078,.36783502,4.3793788,5.3210368,4.4587679,.37151873,3.9832239,4.9343119,10,0,10,10,4.7582421,.44025645,4.1947141,5.3217702,4.8589058,.508757,4.2076969,5.5101147,4.8665619,.4062832,4.3465195,5.3866043,,,,,5.1228848,.8127929,4.08251,6.1632595,4.5804725,.70110404,3.6830592,5.4778857
Angola,2019,AGO2019,AGO,24,540,1,6.3579597,.62610495,5.5565453,7.1593742,5.0296884,.35060617,4.5809126,5.4784641,4.9702744,.51206434,4.3148322,5.6257167,4.9023504,.43827674,4.3413563,5.4633446,10,0,10,10,4.1257744,.32163653,3.7140796,4.5374689,4.3426576,.46488318,3.747607,4.9377079,4.7929449,.49533617,4.1589146,5.4269753,,,,,4.4865541,.7900359,3.4753082,5.4977999,4.2263622,.67112136,3.367327,5.0853977
Angola,2020,AGO2020,AGO,24,540,1,5.4535308,.79278618,4.4387646,6.468297,3.8449578,.50491977,3.1986606,4.4912553,4.24543,.74019867,3.2979758,5.1928844,4.7541127,.77037019,3.768039,5.7401867,10,0,10,10,3.3764799,.49451986,2.7434945,4.0094652,3.2421777,.45614561,2.6583114,3.8260441,2.9024665,.39196557,2.4007506,3.4041824,,,,,3.4381959,.92427093,2.2551291,4.6212626,2.7098813,.69114065,1.8252213,3.5945413
Angola,2021,AGO2021,AGO,24,540,1,4.9639015,.58829677,4.2108817,5.7169213,4.1658978,.46966472,3.5647271,4.7670689,3.8856063,.61613005,3.0969598,4.674253,3.6006596,.52855122,2.924114,4.277205,10,0,10,10,3.3929496,.51671779,2.7315507,4.0543485,4.0492949,.85748935,2.9517086,5.1468811,3.3264351,.50639576,2.6782484,3.9746218,,,,,3.1217816,.84936386,2.0345957,4.2089672,2.9963226,.73629516,2.0538647,3.9387805
Angola,2022,AGO2022,AGO,24,540,1,5.1297445,.94197273,3.9240193,6.3354697,5.2241364,.80556691,4.1930108,6.2552619,4.3178172,.42139795,3.7784278,4.8572068,3.6889608,.68716675,2.8093874,4.5685344,10,0,10,10,3.2963624,.45753235,2.710721,3.8820038,3.6108274,.68690562,2.7315884,4.4900665,3.1677935,.39050537,2.6679466,3.6676404,6.1736484,1.4727222,4.2885642,8.058733,3.5486863,.93831003,2.3476493,4.749723,2.9122653,.71171767,2.0012667,3.8232639
Angola,2023,AGO2023,AGO,24,540,1,6.7271938,1.1224476,5.2904611,8.1639271,7.7604566,.77806079,6.7645388,8.7563744,5.0632658,.77488106,4.0714178,6.0551138,4.0301518,1.1228375,2.5929198,5.4673839,10,0,10,10,4.1996646,.89518011,3.053834,5.3454952,4.6047111,1.4324363,2.7711926,6.4382296,3.3339603,.79959661,2.3104765,4.3574438,6.7875295,.89543509,5.6413727,7.9336863,6.4219213,1.2331095,4.8435411,8.0003014,3.6211987,.85314566,2.5291722,4.7132249
Australia,2017,AUS2017,AUS,36,900,2,8.3601046,.21168223,8.0891514,8.6310577,8.0832767,.2219573,7.7991714,8.367382,6.2898517,.44379526,5.7217937,6.8579097,5.9268203,.4517602,5.348567,6.5050735,10,0,10,10,6.9366026,.87030977,5.8226061,8.0505991,8.4097958,.65113336,7.576345,9.2432461,6.9727874,.6776945,6.1053386,7.8402362,,,,,7.2650952,.70923787,6.3572707,8.1729193,7.1736851,.86390239,6.0678902,8.27948
Australia,2018,AUS2018,AUS,36,900,2,8.4525719,.18356723,8.2176056,8.6875381,7.5767074,.24048682,7.2688842,7.8845305,6.2679358,.27447075,5.9166131,6.6192584,5.7588196,.26241702,5.4229259,6.0947132,10,0,10,10,6.111105,.30992693,5.7143984,6.5078115,7.7513509,.26611733,7.4107208,8.0919809,6.720253,.32209709,6.3079686,7.1325374,,,,,7.182004,.72896135,6.2489333,8.1150742,6.7764707,.67286873,5.9151988,7.6377425
Australia,2019,AUS2019,AUS,36,900,2,8.6249771,.2469607,8.3088675,8.9410868,6.6917758,.21826227,6.4124002,6.9711514,6.0955853,.21764106,5.8170047,6.374166,5.6277962,.17580442,5.4027667,5.8528256,10,0,10,10,5.9124508,.21127424,5.6420197,6.1828818,7.416738,.18064249,7.1855159,7.6479602,7.1311603,.27410552,6.7803054,7.4820151,,,,,6.7864223,.71878457,5.8663778,7.7064667,6.7829552,.65304887,5.9470525,7.6188579
Australia,2020,AUS2020,AUS,36,900,2,9.0491457,.19732845,8.7965651,9.3017263,7.2016401,.26977378,6.8563299,7.5469503,6.7142754,.25865182,6.3832011,7.0453496,5.7918239,.22561735,5.5030336,6.0806141,10,0,10,10,6.1993837,.24564214,5.8849616,6.5138059,7.2825537,.20099199,7.0252838,7.5398235,6.5474038,.30942762,6.1513367,6.943471,,,,,7.4058719,.71822524,6.4865437,8.3252001,6.6270881,.64783305,5.7978616,7.4563146
Australia,2021,AUS2021,AUS,36,900,2,8.7508907,.27709034,8.3962154,9.105566,7.9724593,.37916645,7.4871264,8.4577923,7.3260841,.29016837,6.9546685,7.6974998,6.0099897,.33697256,5.5786648,6.4413147,10,0,10,10,6.6714697,.33579087,6.2416573,7.1012821,6.9958119,.32498214,6.5798349,7.4117889,6.7128577,.39747453,6.2040901,7.2216253,,,,,7.6523585,.77066308,6.6659098,8.6388073,6.8246746,.70006394,5.9285927,7.7207565
Australia,2022,AUS2022,AUS,36,900,2,8.3947067,.36066389,7.9330568,8.8563566,7.623095,.4190664,7.0866899,8.1595001,6.5265064,.39575842,6.0199356,7.0330772,6.1138587,.31658819,5.7086258,6.5190916,10,0,10,10,6.8320575,.40369552,6.3153272,7.3487878,7.2929373,.43633857,6.7344241,7.8514504,6.6582017,.45440483,6.0765634,7.23984,7.4662104,.73800749,6.5215607,8.4108601,7.2920232,.74110502,6.3434086,8.2406378,6.7724833,.69774753,5.8793664,7.6656003
Australia,2023,AUS2023,AUS,36,900,2,8.7987003,.52681196,8.1243811,9.4730196,8.0469122,.57292521,7.3135681,8.7802563,6.321331,.67126662,5.4621096,7.1805525,6.4616203,.53583741,5.7757483,7.1474924,10,0,10,10,6.5010223,.76086342,5.5271173,7.4749274,7.0687432,.81889278,6.0205603,8.1169262,6.4498329,.89024854,5.3103147,7.5893512,7.4653068,.74526912,6.5113621,8.4192514,7.6901197,.8641746,6.5839763,8.7962637,6.3704157,.82553673,5.3137288,7.4271026
Brazil,2017,BRA2017,BRA,76,140,3,5.5876346,.4684535,4.9880142,6.1872549,3.6402752,.45110232,3.0628643,4.2176862,4.8308253,.43234727,4.277421,5.3842297,3.3691497,.49937338,2.7299519,4.0083475,10,0,10,10,5.6276803,.79915404,4.604763,6.6505976,5.4193287,.73044497,4.4843593,6.3542981,6.0872931,.87435156,4.968123,7.2064633,,,,,3.2281263,.75887054,2.256772,4.1994805,5.6231847,.7456494,4.6687536,6.5776157
Brazil,2018,BRA2018,BRA,76,140,3,5.4442935,.29668045,5.0645423,5.8240447,3.532027,.18305042,3.2977226,3.7663314,4.4649882,.3075214,4.0713611,4.8586154,3.7036407,.23599476,3.4015675,4.0057139,10,0,10,10,5.1890802,.23061715,4.8938904,5.4842701,5.3817315,.32783294,4.9621053,5.8013577,5.7807426,.34449306,5.3397913,6.221694,,,,,3.1214628,.72910851,2.1882038,4.0547218,5.3424039,.64154255,4.5212293,6.1635785
Brazil,2019,BRA2019,BRA,76,140,3,5.2156782,.37718022,4.7328877,5.6984687,3.2912676,.16045675,3.0858829,3.4966524,3.6743755,.30192214,3.2879152,4.0608358,3.7161002,.19154277,3.4709256,3.9612749,10,0,10,10,4.0347962,.15448382,3.8370569,4.2325354,5.3742843,.28486663,5.009655,5.7389135,5.4299164,.28446236,5.0658045,5.7940283,,,,,2.9141455,.72401386,1.9874077,3.8408833,4.7631364,.6661334,3.9104857,5.615787
Brazil,2020,BRA2020,BRA,76,140,3,5.2927527,.42235327,4.7521405,5.833365,3.8329625,.26021621,3.4998858,4.1660395,4.6619735,.34558764,4.2196212,5.1043258,3.6443739,.26022238,3.3112893,3.9774585,10,0,10,10,4.1727133,.19890769,3.9181113,4.4273152,5.5149059,.3795552,5.0290751,6.0007367,5.7353587,.42521876,5.1910787,6.2796388,,,,,3.351754,.75669008,2.3831906,4.3203173,4.9933577,.71578658,4.0771508,5.9095645
Brazil,2021,BRA2021,BRA,76,140,3,5.8894386,.44367173,5.3215389,6.4573383,4.4505591,.33303955,4.0242686,4.8768497,5.4199634,.35973096,4.9595079,5.8804188,4.2779908,.37022865,3.8040981,4.7518835,10,0,10,10,3.9097064,.27907068,3.552496,4.2669168,5.0327125,.37616304,4.5512238,5.5142012,5.5400367,.49420166,4.9074588,6.1726146,,,,,3.954124,.76811701,2.9709342,4.9373136,4.5779972,.72318321,3.6523228,5.5036716
Brazil,2022,BRA2022,BRA,76,140,3,5.7974243,.46637037,5.2004704,6.3943782,4.5922771,.34467182,4.1510973,5.0334568,5.2497692,.43358344,4.6947823,5.8047562,4.3452244,.39264545,3.8426383,4.8478107,10,0,10,10,4.019556,.34876007,3.5731432,4.4659691,4.0776243,.33773375,3.6453252,4.5099235,5.3762774,.45508555,4.7937679,5.958787,6.807394,.73630905,5.8649182,7.7498698,3.9435632,.75078279,2.9825613,4.9045653,4.3407431,.68846607,3.4595065,5.2219796
Brazil,2023,BRA2023,BRA,76,140,3,5.278801,.61894202,4.4865551,6.0710468,4.1981812,.52572316,3.5252554,4.8711066,4.7893066,.56398833,4.0674014,5.5112119,3.6432874,.543598,2.9474819,4.3390927,10,0,10,10,6.6140614,.78870159,5.6045232,7.6235995,6.8704305,.78422433,5.8666234,7.8742375,7.0056906,.70675004,6.1010504,7.9103308,9.2671013,.710388,8.3578043,10.176398,3.5458033,.81634736,2.5008786,4.5907278,6.9258389,.74849749,5.967762,7.8839159
Fiji,2017,FJI2017,FJI,242,950,4,8.2928371,.30845627,7.8980131,8.6876612,7.052309,.62870967,6.2475605,7.8570576,5.469275,.56378013,4.7476363,6.1909137,4.8388238,.46767858,4.2401953,5.4374523,10,0,10,10,2.841465,.47992185,2.227165,3.455765,4.3655992,.8870101,3.2302263,5.5009723,3.5902951,.68200791,2.717325,4.4632654,,,,,6.5662489,.81660938,5.5209889,7.6115088,3.1522336,.85170013,2.0620575,4.2424097
Fiji,2018,FJI2018,FJI,242,950,4,8.5507069,.23399965,8.2511873,8.8502264,7.8213124,.36435112,7.3549428,8.2876816,5.9272537,.34083992,5.4909787,6.3635287,5.3635488,.28307727,5.0012097,5.7258878,10,0,10,10,3.6206498,.30536398,3.229784,4.0115156,5.0764871,.43109119,4.5246902,5.628284,4.1364102,.31275722,3.7360809,4.5367393,,,,,7.2447219,.75642198,6.2765017,8.2129421,3.9373245,.67268288,3.0762904,4.7983584
Fiji,2019,FJI2019,FJI,242,950,4,8.7835875,.29097703,8.4111366,9.1560383,8.1256084,.34213921,7.6876702,8.5635462,6.4399676,.40357372,5.9233932,6.956542,6.1156106,.24185719,5.8060336,6.4251876,10,0,10,10,3.875083,.24023582,3.5675812,4.1825848,4.9658117,.41506636,4.4345269,5.4970965,3.9335568,.28115326,3.5736806,4.2934332,,,,,7.5278816,.75683427,6.5591335,8.4966297,3.9906366,.67243958,3.129914,4.8513594
Fiji,2020,FJI2020,FJI,242,950,4,8.147687,.20066334,7.8908377,8.4045362,7.9897966,.22709703,7.6991124,8.2804804,6.5159092,.30779192,6.1219354,6.909883,6.2260504,.28369859,5.862916,6.5891848,10,0,10,10,4.2925358,.36439845,3.8261058,4.758966,5.9822264,.41432509,5.4518905,6.5125623,4.0919905,.39207149,3.5901389,4.593842,,,,,7.2684708,.71846437,6.3488364,8.1881056,4.3256874,.72562027,3.3968935,5.2544813
Fiji,2021,FJI2021,FJI,242,950,4,8.0471325,.19670308,7.7953525,8.298912,7.9734716,.20922321,7.7056661,8.2412777,6.6001263,.26803368,6.2570434,6.9432092,6.2166438,.31294438,5.8160748,6.6172128,10,0,10,10,4.5511732,.43495023,3.994437,5.1079097,6.2590976,.4248049,5.7153473,6.8028479,4.2501926,.47970346,3.6361723,4.864213,,,,,7.1514382,.74079806,6.2032166,8.0996599,4.7289,.70678359,3.8242168,5.6335831
Fiji,2022,FJI2022,FJI,242,950,4,8.1722536,.32260033,7.759325,8.5851822,7.9512377,.33839032,7.5180979,8.3843775,6.463088,.43537372,5.9058099,7.0203662,5.7582307,.42614633,5.2127633,6.3036981,10,0,10,10,3.9085405,.60340554,3.1361814,4.6808996,5.5349216,.79964709,4.5113735,6.5584698,4.307539,.73878068,3.3618996,5.2531781,,,,,7.1467099,.73023242,6.2120123,8.0814075,4.3698282,.78100556,3.370141,5.3695154
Kazakhstan,2017,KAZ2017,KAZ,398,705,5,7.3832922,.27935165,7.025722,7.7408624,7.1871791,.38780585,6.6907878,7.6835704,4.248435,.48201615,3.6314545,4.8654156,4.5200615,.35042593,4.0715165,4.9686065,10,0,10,10,1.9252887,.49203295,1.2954865,2.5550909,1.8291453,.5118252,1.1740091,2.4842815,1.1631721,.53784162,.47473484,1.8516093,,,,,6.102797,.73628187,5.160356,7.045238,.99999988,.75081933,.038951144,1.9610486
Kazakhstan,2018,KAZ2018,KAZ,398,705,5,7.3064179,.21909992,7.02597,7.5868659,7.3501959,.24070996,7.0420871,7.6583047,4.4743166,.31995097,4.0647793,4.8838539,4.3499885,.20018783,4.0937481,4.6062288,10,0,10,10,2.7061584,.19808495,2.4526098,2.959707,3.0446839,.2425127,2.7342677,3.3551002,2.6768439,.23696043,2.3735344,2.9801533,,,,,6.0041308,.74792826,5.0467825,6.9614792,2.4638867,.66083062,1.6180235,3.3097498
Kazakhstan,2019,KAZ2019,KAZ,398,705,5,6.5590181,.3907862,6.0588117,7.0592246,6.9951568,.27543232,6.6426034,7.3477101,3.373369,.22550729,3.0847197,3.6620183,3.9065785,.17687854,3.6801741,4.1329832,10,0,10,10,2.9421079,.15582468,2.7426524,3.1415634,3.0486355,.16996714,2.8310776,3.2661934,3.1383014,.14674065,2.9504733,3.3261294,,,,,5.1359534,.74552286,4.181684,6.0902228,2.6431706,.64596915,1.8163301,3.470011
Kazakhstan,2020,KAZ2020,KAZ,398,705,5,6.6302409,.32676777,6.211978,7.0485039,7.0027533,.3090995,6.6071057,7.3984008,4.1078734,.25891921,3.7764568,4.43929,4.1327157,.22205889,3.8484802,4.4169512,10,0,10,10,3.3875566,.20311296,3.1275721,3.647541,3.2973175,.24537942,2.9832318,3.6114032,3.3169937,.23868454,3.0114775,3.62251,,,,,5.4277391,.74343687,4.47614,6.3793383,2.9878073,.64809012,2.158252,3.8173625
Kazakhstan,2021,KAZ2021,KAZ,398,705,5,6.7561603,.38004419,6.2697039,7.2426167,6.6968093,.38780093,6.2004242,7.1931944,4.7168202,.35023224,4.2685227,5.1651177,4.775116,.33854896,4.3417735,5.2084584,10,0,10,10,3.8830061,.29160145,3.5097563,4.2562561,3.7172935,.32667553,3.2991488,4.135438,3.6094432,.32371652,3.195086,4.0238004,,,,,5.4897265,.70574415,4.5863738,6.3930793,3.3932798,.66149724,2.5465634,4.2399964
Kazakhstan,2022,KAZ2022,KAZ,398,705,5,6.5377049,.39827031,6.0279188,7.0474911,5.527071,.43025559,4.9763436,6.0777984,4.0627761,.3161253,3.6581357,4.4674163,3.5623741,.28293481,3.2002175,3.9245307,10,0,10,10,3.6375835,.19877444,3.3831522,3.8920147,3.5089426,.27146882,3.1614625,3.8564227,3.2797771,.24180743,2.9702635,3.5892906,5.7944446,.5846833,5.0460501,6.5428391,4.6848679,.75180584,3.7225564,5.6471791,3.1599693,.66683364,2.3064222,4.0135164
Kazakhstan,2023,KAZ2023,KAZ,398,705,5,7.7935448,.43067101,7.2422857,8.3448038,7.094914,.47961119,6.4810119,7.7088161,5.6063776,.36338198,5.1412487,6.0715065,5.0809708,.38271171,4.5910997,5.5708418,10,0,10,10,4.1294675,.42830098,3.5812423,4.6776929,3.4061716,.33642352,2.9755495,3.8367937,3.664695,.34026682,3.2291534,4.1002364,5.8205457,.60098934,5.0512795,6.5898118,6.4038982,.76017076,5.4308796,7.3769169,3.4988585,.64097905,2.6784053,4.3193116
Kyrgyzstan,2017,KGZ2017,KGZ,417,703,6,7.8970637,.38116708,7.4091697,8.3849573,8.0454044,.36327627,7.580411,8.5103979,5.5597138,.51386636,4.9019647,6.217463,4.5873122,.32179248,4.1754179,4.9992065,10,0,10,10,4.660521,.85064399,3.5716968,5.7493453,3.8767982,.8654176,2.7690637,4.9845328,5.3724341,.60366422,4.5997438,6.1451244,,,,,7.0772495,.79436845,6.0604577,8.0940409,4.6887903,.79204607,3.6749713,5.7026091
Kyrgyzstan,2018,KGZ2018,KGZ,417,703,6,8.0840626,.36210009,7.6205745,8.5475512,8.0170183,.26766977,7.6744008,8.3596354,6.0712852,.38022983,5.5845909,6.5579796,5.0589147,.29218414,4.6849189,5.4329104,10,0,10,10,5.3719578,.33398637,4.9444551,5.7994604,5.7621446,.46808323,5.1629982,6.3612909,6.1495194,.40029934,5.6371365,6.6619024,,,,,7.0787325,.75148326,6.1168337,8.0406313,5.6396074,.68721449,4.759973,6.5192418
Kyrgyzstan,2019,KGZ2019,KGZ,417,703,6,8.5721025,.47996622,7.9577456,9.1864595,7.9631147,.31362766,7.5616713,8.3645582,5.6125717,.64771748,4.7834935,6.4416499,5.3028474,.33897689,4.868957,5.7367377,10,0,10,10,3.9871492,.29132026,3.6142592,4.3600392,4.957128,.41808394,4.4219804,5.4922757,5.8522491,.32796061,5.4324594,6.2720389,,,,,7.2582946,.75075227,6.2973318,8.2192574,4.8854866,.70040214,3.9889719,5.7820015
Kyrgyzstan,2020,KGZ2020,KGZ,417,703,6,7.8111076,.379574,7.325253,8.2969627,7.4855485,.31729415,7.079412,7.891685,5.4874883,.4442769,4.9188137,6.0561628,4.866519,.21629521,4.5896611,5.1433768,10,0,10,10,4.2380977,.39136139,3.7371552,4.7390404,4.7391901,.40286547,4.2235222,5.254858,5.6202431,.42552027,5.0755773,6.1649089,,,,,6.6276088,.7691617,5.6430817,7.6121359,4.8341007,.69025236,3.9505777,5.7176237
Kyrgyzstan,2021,KGZ2021,KGZ,417,703,6,7.705708,.30487716,7.3154655,8.0959511,7.5673699,.27167359,7.2196279,7.915112,5.3511992,.23997805,5.0440273,5.658371,5.2038989,.21868806,4.9239783,5.4838195,10,0,10,10,4.9998517,.40547007,4.4808502,5.5188532,5.6722069,.41971529,5.1349711,6.2094426,5.2434382,.36717045,4.7734599,5.7134166,,,,,6.6092095,.70772368,5.7033234,7.5150957,5.0899763,.68987942,4.2069306,5.973022
Kyrgyzstan,2022,KGZ2022,KGZ,417,703,6,7.7927589,.3078793,7.3986735,8.1868448,7.5549917,.34755021,7.1101274,7.999856,4.9852562,.26785275,4.6424046,5.3281078,5.3631186,.28749469,4.9951253,5.731112,10,0,10,10,3.9460554,.30518356,3.5554204,4.3366904,4.6406145,.47093719,4.0378151,5.2434139,3.7570927,.30760372,3.3633599,4.1508255,6.8467865,.49519157,6.2129412,7.4806318,6.5383954,.73046196,5.603404,7.4733868,3.8290281,.70469326,2.9270208,4.7310357
Kyrgyzstan,2023,KGZ2023,KGZ,417,703,6,7.2193174,.69120908,6.3345699,8.1040649,6.6984529,.57306916,5.9649243,7.4319816,4.0622182,.4338209,3.5069275,4.6175089,4.790175,.39937389,4.2789764,5.3013735,10,0,10,10,3.2659483,.37068939,2.7914658,3.7404308,3.3079579,.49277085,2.6772113,3.9387045,3.3326056,.36227471,2.8688939,3.7963173,6.8843269,.67554504,6.0196295,7.7490244,5.8305469,.94841319,4.6165781,7.0445156,3.0037181,.68557209,2.1261859,3.8812504
Liberia,2017,LBR2017,LBR,430,450,7,7.1615067,.54089707,6.4691582,7.8538551,6.7644014,.6204679,5.9702024,7.5586004,5.9778242,.72537738,5.0493412,6.9063072,5.138154,.78245646,4.1366096,6.1396985,10,0,10,10,8.4882402,1.0690271,7.1198854,9.856595,8.1407003,1.0202631,6.8347635,9.4466372,9.0323792,.99947381,7.7530527,10.311706,,,,,5.9777822,.85411686,4.8845129,7.0710516,9.0371456,.81271493,7.9968705,10.077421
Liberia,2018,LBR2018,LBR,430,450,7,8.0502081,.35713029,7.5930815,8.5073347,7.2055459,.43112168,6.6537104,7.7573814,6.2543874,.51532,5.5947776,6.9139972,6.3064418,.4126581,5.7782393,6.8346443,10,0,10,10,6.1847482,.49597099,5.5499053,6.819591,6.3481731,.94393694,5.1399341,7.5564122,6.4660182,.58668751,5.7150583,7.2169781,,,,,6.9635935,.74238038,6.0133467,7.9138403,6.1217518,.73869205,5.1762261,7.0672774
Liberia,2019,LBR2019,LBR,430,450,7,7.1037874,.58932155,6.3494558,7.858119,6.4075274,.7086255,5.5004869,7.314568,4.1286001,.85402894,3.0354431,5.2217569,5.5165939,.47096172,4.913763,6.1194248,10,0,10,10,4.1593852,.41488802,3.6283286,4.6904421,4.3330154,.40864637,3.809948,4.8560829,4.5868411,.55922931,3.8710275,5.3026547,,,,,5.8384671,.90516925,4.6798506,6.9970837,4.0193691,.68269819,3.1455154,4.8932228
Liberia,2020,LBR2020,LBR,430,450,7,6.5728908,.93750662,5.3728824,7.7728992,6.0422125,.91257703,4.874114,7.2103109,6.3782845,1.1921543,4.8523269,7.904242,5.2013388,.52361524,4.5311112,5.8715663,10,0,10,10,4.150744,.4930487,3.5196416,4.7818465,5.2819281,.63104886,4.4741855,6.0896707,4.1938949,.67879134,3.325042,5.062748,,,,,5.6576018,1.0746013,4.2821121,7.0330915,4.0405707,.87062037,2.9261765,5.1549649
Liberia,2021,LBR2021,LBR,430,450,7,6.7167044,.58125889,5.972693,7.4607158,7.1869688,.6094709,6.406846,7.9670916,7.0584292,.70116186,6.1609421,7.9559164,6.0466051,.76806074,5.0634875,7.0297227,10,0,10,10,5.010983,1.0505419,3.6662893,6.3556767,5.2211113,1.1732917,3.7192979,6.7229247,5.4509892,.84816587,4.3653369,6.5366416,,,,,6.1334882,.85265744,5.0420866,7.2248898,5.0370073,.90400726,3.879878,6.1941366
Liberia,2022,LBR2022,LBR,430,450,7,6.9382968,.52879101,6.2614441,7.6151495,7.3828135,.46710458,6.7849197,7.9807072,6.8674874,.5430392,6.1723971,7.5625777,5.8194685,.60899335,5.039957,6.5989799,10,0,10,10,5.4559865,.93921298,4.2537937,6.6581793,6.9591532,.75169754,5.9969802,7.9213262,5.8886199,.60317379,5.1165576,6.6606822,,,,,6.0987906,.77168465,5.1110344,7.0865469,5.8482485,.79102486,4.8357368,6.8607602
Liberia,2023,LBR2023,LBR,430,450,7,7.7410755,.58264858,6.9952855,8.486866,7.3812346,.62582439,6.5801792,8.1822901,6.4932966,.66030246,5.6481094,7.3384838,5.8870292,.75794083,4.9168649,6.8571935,10,0,10,10,5.9691596,1.1464741,4.5016727,7.4366465,7.2300143,.71054006,6.3205233,8.1395054,6.3617554,.6685856,5.5059657,7.217545,,,,,6.6758904,.89937341,5.5246925,7.8270884,6.4875407,.85470307,5.3935208,7.5815606
Mexico,2017,MEX2017,MEX,484,70,8,3.0284972,.58677924,2.2774198,3.7795746,3.9944005,.49006051,3.3671231,4.6216779,3.4107378,.45989621,2.8220706,3.9994049,3.0964351,.41162178,2.5695591,3.623311,10,0,10,10,3.4759438,.71764904,2.557353,4.3945346,4.3511257,.87750429,3.2279203,5.4743314,4.9327168,.74464113,3.9795761,5.8858576,,,,,2.0371001,.82124794,.98590273,3.0882974,3.9142835,.87540644,2.7937632,5.0348039
Mexico,2018,MEX2018,MEX,484,70,8,2.7961192,.43368727,2.2409995,3.351239,4.205133,.4018541,3.6907597,4.7195063,3.5366366,.36240327,3.0727603,4.0005126,3.2949312,.25511736,2.9683809,3.6214814,10,0,10,10,3.9014552,.29940334,3.518219,4.2846913,6.1020508,.46221361,5.5104175,6.6936841,5.7686987,.31320995,5.3677897,6.1696076,,,,,1.8154311,.78057128,.81629986,2.8145623,5.0822926,.68440694,4.2062516,5.9583335
Mexico,2019,MEX2019,MEX,484,70,8,3.0111787,.48906949,2.3851697,3.6371877,4.7521229,.33089826,4.3285732,5.1756725,4.141654,.40214753,3.6269052,4.6564031,3.6241572,.20710123,3.3590677,3.8892467,10,0,10,10,4.521431,.24981637,4.2016659,4.8411961,6.3652239,.27073976,6.0186768,6.711771,6.3960643,.26578593,6.0558581,6.7362704,,,,,2.403672,.75284934,1.4400249,3.3673191,5.6338115,.65981877,4.7892432,6.4783797
Mexico,2020,MEX2020,MEX,484,70,8,3.8552723,.42757955,3.3079705,4.4025741,4.9078112,.31285167,4.5073609,5.3082614,5.2947488,.48689073,4.6715288,5.9179688,4.0681558,.30026132,3.6838212,4.4524903,10,0,10,10,4.4738808,.33758187,4.0417762,4.9059854,6.2208776,.30712631,5.8277559,6.6139994,5.7592721,.31889811,5.3510823,6.1674619,,,,,3.2868464,.81427467,2.2445748,4.3291178,5.3095694,.6500051,4.4775629,6.1415758
Mexico,2021,MEX2021,MEX,484,70,8,4.3212652,.43953001,3.7586668,4.8838634,5.3511758,.39012808,4.8518119,5.8505397,6.2138085,.52584875,5.5407224,6.8868947,4.5530062,.46309581,3.9602435,5.1457686,10,0,10,10,4.2886348,.37756297,3.8053541,4.7719154,6.2108727,.3802962,5.7240934,6.6976519,5.5325942,.40572453,5.013267,6.0519214,,,,,3.4778163,.78367507,2.4747121,4.4809203,5.1862221,.69548965,4.2959952,6.0764489
Mexico,2022,MEX2022,MEX,484,70,8,4.188952,.47978622,3.5748255,4.8030782,5.5987101,.41734287,5.0645113,6.1329088,4.7889867,.57591426,4.0518165,5.5261569,3.9605501,.32329902,3.5467274,4.374373,10,0,10,10,4.1206355,.45009872,3.5445092,4.6967621,6.349802,.51761353,5.6872568,7.0123472,5.9719281,.39845493,5.461906,6.4819503,9.7437029,.89140785,8.6027012,10.884705,3.3166971,.78593129,2.3107052,4.3226891,5.4252968,.7230137,4.4998393,6.3507543
Mexico,2023,MEX2023,MEX,484,70,8,4.6136746,.69026732,3.7301326,5.4972167,5.4778743,.36661097,5.0086122,5.9471364,4.2625985,.76777452,3.2798471,5.2453499,4.3723865,.34743059,3.9276752,4.8170977,10,0,10,10,4.1952286,.65787065,3.3531542,5.037303,6.3404965,.72985768,5.4062786,7.2747145,5.9342546,.51339108,5.2771139,6.5913954,9.7500019,.90903324,8.5864391,10.913565,3.4882407,.86579162,2.3800275,4.5964541,5.263279,.68581104,4.3854408,6.1411171
Mozambique,2017,MOZ2017,MOZ,508,541,9,5.173305,.58951783,4.4187222,5.9278879,5.0635352,.49159473,4.4342937,5.6927767,5.0611486,.58182645,4.316411,5.8058863,4.5571203,.55916172,3.8413932,5.2728472,10,0,10,10,3.8753135,1.0228627,2.5660493,5.1845779,3.7336509,.94213182,2.5277221,4.9395795,5.1490521,1.2397194,3.5622113,6.7358928,,,,,3.9990704,.80084109,2.9739938,5.024147,4.4193673,1.0247326,3.1077096,5.7310252
Mozambique,2018,MOZ2018,MOZ,508,541,9,5.2331915,.44821677,4.6594739,5.8069091,5.6196814,.37893036,5.1346507,6.104712,4.9574838,.42003062,4.4198446,5.4951229,4.4545159,.32886475,4.0335689,4.875463,10,0,10,10,3.6413064,.34803605,3.1958203,4.0867925,4.1730099,.33659846,3.7421639,4.6038561,5.3844523,.56539828,4.6607428,6.1081619,,,,,4.2238207,.71408135,3.3097966,5.137845,4.1348109,.68876749,3.2531886,5.0164332
Mozambique,2019,MOZ2019,MOZ,508,541,9,5.3616524,.4644075,4.767211,5.9560938,5.2776585,.37411767,4.7987881,5.7565289,3.5502896,.58238518,2.8048365,4.2957425,4.6476512,.36701086,4.1778774,5.117425,10,0,10,10,3.2843292,.22252263,2.9995003,3.5691581,4.0959835,.39460099,3.5908942,4.6010728,4.3377099,.4240416,3.7949367,4.8804832,,,,,3.9284499,.76014727,2.9554613,4.9014382,3.5759332,.71515918,2.6605294,4.4913368
Mozambique,2020,MOZ2020,MOZ,508,541,9,5.2934117,.52695,4.6189156,5.9679079,4.6143241,.36648369,4.145225,5.0834231,4.1261706,.76542538,3.1464262,5.1059151,3.4616766,.40168795,2.947516,3.9758372,10,0,10,10,3.7905252,.28372878,3.4273524,4.153698,5.8571839,.61327797,5.0721879,6.64218,5.0799818,.46397147,4.4860983,5.6738653,,,,,3.6954026,.76449925,2.7168436,4.6739616,4.6257958,.72611618,3.696367,5.5552244
Mozambique,2021,MOZ2021,MOZ,508,541,9,5.2328825,.35049963,4.7842431,5.6815219,5.187932,.51069915,4.5342369,5.8416271,5.4417653,.51626462,4.7809467,6.1025839,4.7460074,.51043689,4.092648,5.3993669,10,0,10,10,3.8419247,.27904969,3.484741,4.1991081,5.8140974,.59166151,5.0567708,6.571424,4.1154113,.44832954,3.5415494,4.6892729,,,,,3.9121256,.74053848,2.9642363,4.8600149,4.1563616,.74770331,3.1993012,5.1134219
Mozambique,2022,MOZ2022,MOZ,508,541,9,5.3496537,.35016531,4.9014421,5.7978654,5.5650148,.40983728,5.0404229,6.0896068,4.7879043,.44818902,4.2142224,5.3615861,4.5929565,.41945115,4.0560589,5.1298542,10,0,10,10,4.1637058,.40614712,3.6438375,4.6835742,5.8589091,.49850503,5.2208228,6.4969954,3.9062614,.4198496,3.368854,4.4436688,9.2888527,.900379,8.1363678,10.441338,4.1635923,.78089571,3.1640458,5.1631389,4.4163747,.76240873,3.4404914,5.3922577
Mozambique,2023,MOZ2023,MOZ,508,541,9,5.6915407,.62076181,4.8969655,6.4861159,5.8501558,.70292562,4.9504108,6.7499008,3.9952927,.67805862,3.1273775,4.8632078,3.3153353,.45742306,2.7298338,3.9008367,10,0,10,10,3.9722779,.62307358,3.1747437,4.7698121,4.106678,.72202402,3.1824872,5.0308685,4.3736267,.64547515,3.5474186,5.1998348,9.0810404,.90418065,7.9236894,10.238392,4.3380332,.73431498,3.3981099,5.2779565,3.8676503,.71831203,2.948211,4.7870898
Nepal,2017,NPL2017,NPL,524,790,10,8.5494137,.65573555,7.710072,9.3887548,6.9799156,.85781151,5.881917,8.0779142,6.06494,.88911098,4.926878,7.203002,5.371448,.71376246,4.4578319,6.2850642,10,0,10,10,4.6757736,2.131717,1.9471759,7.4043713,7.5617199,1.6952589,5.3917885,9.7316513,6.5373297,1.9420242,4.0515385,9.0231209,,,,,6.9089913,.81726736,5.8628893,7.9550934,6.0379415,1.3995755,4.2464848,7.8293982
Nepal,2018,NPL2018,NPL,524,790,10,8.7756853,.3479625,8.3302937,9.221077,6.598052,.39862514,6.0878119,7.1082921,5.8826714,.35633558,5.4265618,6.3387809,4.9437547,.36727303,4.4736452,5.4138641,10,0,10,10,4.4122467,.54735744,3.7116292,5.112864,6.7189193,.58291006,5.9727945,7.465044,5.5465593,.53555262,4.861052,6.2320666,,,,,6.754148,.80886734,5.7187977,7.7894983,5.2683206,.73139316,4.3321371,6.204504
Nepal,2019,NPL2019,NPL,524,790,10,8.2546453,.26374888,7.9170465,8.5922441,6.2852621,.29635048,5.9059334,6.6645908,5.1765618,.25673187,4.8479452,5.5051785,5.1256194,.30481574,4.735455,5.5157838,10,0,10,10,4.2126832,.38523167,3.7195866,4.7057796,5.661603,.51006484,5.0087199,6.314486,5.469799,.4531785,4.8897305,6.0498676,,,,,6.2845111,.72826564,5.3523312,7.216691,4.9241524,.66874486,4.0681591,5.7801456
Nepal,2020,NPL2020,NPL,524,790,10,7.9369144,.32481176,7.5211554,8.3526735,7.1832247,.31189293,6.7840018,7.5824475,5.4852247,.5290525,4.8080378,6.1624117,5.7569966,.30289343,5.3692932,6.1447001,10,0,10,10,4.9935269,.57515073,4.2573342,5.7297196,5.8709049,.54978794,5.1671762,6.5746336,5.3085461,.52424264,4.6375155,5.9795766,,,,,6.4889636,.75623643,5.5209808,7.4569464,5.0750346,.7334519,4.1362162,6.0138531
Nepal,2021,NPL2021,NPL,524,790,10,8.3163948,.37040836,7.8422723,8.7905178,7.645915,.4265343,7.0999513,8.1918793,6.7579775,.47066814,6.1555223,7.3604326,6.6770453,.4335039,6.1221604,7.2319303,10,0,10,10,5.2555032,.50878018,4.6042647,5.9067416,6.8703451,.45887595,6.2829838,7.4577065,5.3996892,.44539568,4.8295827,5.9697957,,,,,7.4222622,.79564649,6.4038348,8.44069,5.4495459,.72443092,4.5222745,6.3768172
Nepal,2022,NPL2022,NPL,524,790,10,8.5648832,.25611964,8.2370501,8.8927164,7.7855721,.32098794,7.3747077,8.1964369,6.2240806,.28633651,5.8575697,6.5905914,6.2667174,.33312118,5.8403225,6.6931124,10,0,10,10,5.8811302,.41455084,5.3505054,6.4117551,7.0147295,.4287824,6.465888,7.563571,5.8161902,.4151617,5.2847834,6.3475971,8.0255175,.74564087,7.0710974,8.9799376,7.2532306,.74242443,6.3029275,8.2035341,6.1477966,.65096259,5.3145647,6.9810286
Nepal,2023,NPL2023,NPL,524,790,10,8.7033825,.34139991,8.2663908,9.1403742,7.4762025,.52710134,6.8015127,8.1508923,5.7513032,.49386084,5.1191611,6.3834453,6.1267796,.48215955,5.5096154,6.7439437,10,0,10,10,6.0482836,.53769404,5.3600354,6.7365317,7.1452456,.76298892,6.1686196,8.121871,4.8552995,.59255326,4.0968313,5.6137676,7.3313761,.6709938,6.4725041,8.1902485,7.339469,.78004545,6.3410106,8.3379269,5.8903375,.83749819,4.8183398,6.9623351
New Zealand,2017,NZL2017,NZL,554,920,11,8.4635153,.19234602,8.2173128,8.7097178,8.0924454,.24465872,7.7792821,8.4056082,7.9111767,.32570267,7.4942775,8.3280764,7.482522,.31560087,7.0785527,7.8864913,10,0,10,10,8.5508995,.7849108,7.5462136,9.5555849,7.2184186,.72690523,6.2879801,8.1488571,8.7188568,.65913087,7.8751693,9.5625439,,,,,7.7481294,.72838044,6.8158026,8.6804562,8.2718248,.90158689,7.1177936,9.4258556
New Zealand,2018,NZL2018,NZL,554,920,11,8.6993599,.15545413,8.5003786,8.8983412,7.9923186,.18372941,7.7571449,8.2274923,7.4766903,.22662947,7.1866045,7.7667761,7.1521835,.19296201,6.9051924,7.3991747,10,0,10,10,7.4753251,.26653108,7.1341653,7.8164849,7.0984101,.25107491,6.7770343,7.419786,8.2931242,.18510987,8.0561838,8.5300646,,,,,7.7389789,.7365362,6.7962127,8.6817455,7.7491355,.65590137,6.9095817,8.5886889
New Zealand,2019,NZL2019,NZL,554,920,11,9.0683298,.22321749,8.7826118,9.3540478,7.9209023,.16255939,7.7128263,8.1289787,7.0600524,.25328383,6.7358489,7.3842559,6.7308426,.20775408,6.4649172,6.996768,10,0,10,10,7.240828,.21289927,6.968317,7.513339,7.4486532,.19429879,7.1999507,7.6973557,8.2421274,.17292526,8.0207834,8.4634714,,,,,7.9152565,.73488039,6.9746094,8.8559036,7.7165337,.65130049,6.8828692,8.5501986
New Zealand,2020,NZL2020,NZL,554,920,11,8.7912912,.20923623,8.523469,9.0591135,8.2951832,.20106728,8.037817,8.5525494,7.7552843,.28061885,7.3960924,8.1144762,6.6175108,.25424525,6.2920771,6.9429445,10,0,10,10,7.4342875,.29440764,7.057446,7.8111291,7.7355914,.2348568,7.4349747,8.0362082,7.3875961,.42173362,6.8477769,7.9274154,,,,,7.8572431,.71970093,6.9360261,8.7784605,7.5651684,.6930781,6.6780286,8.4523087
New Zealand,2021,NZL2021,NZL,554,920,11,8.210351,.28801405,7.8416929,8.5790091,8.3350058,.20605041,8.0712614,8.5987501,7.4263482,.34741703,6.9816546,7.8710418,6.9324651,.29709619,6.5521817,7.3127484,10,0,10,10,7.40838,.34421173,6.9677892,7.8489709,7.598516,.33222333,7.1732702,8.0237617,6.7095437,.48763523,6.0853705,7.3337169,8.3194771,.74943691,7.360198,9.2787561,7.5490537,.74429238,6.5963593,8.5017481,7.1383252,.64543998,6.3121619,7.9644885
New Zealand,2022,NZL2022,NZL,554,920,11,8.2135067,.31377593,7.8118734,8.61514,8.2548456,.25077537,7.9338531,8.5758381,7.0664992,.34676889,6.6226349,7.5103636,6.8031535,.35155085,6.3531685,7.2531385,10,0,10,10,7.4516754,.3289147,7.0306644,7.8726864,7.6304607,.326758,7.2122107,8.0487108,7.4377012,.33674639,7.0066657,7.8687367,8.5958757,.45963308,8.0075455,9.184206,7.4787836,.71526289,6.5632472,8.3943205,7.5777164,.66680223,6.7242093,8.4312229
New Zealand,2023,NZL2023,NZL,554,920,11,8.5418606,.38004556,8.0554018,9.0283194,8.4396,.40249506,7.9244065,8.9547939,7.2132063,.45529383,6.6304302,7.7959824,6.6066523,.50100118,5.9653707,7.2479339,10,0,10,10,7.5742269,.45938078,6.9862194,8.1622343,7.7105255,.49373055,7.0785503,8.3425007,7.6297951,.44657686,7.0581765,8.2014132,8.7562819,.53820509,8.067379,9.4451847,7.6996641,.74803537,6.7421789,8.6571493,7.5427666,.67753863,6.6755171,8.4100161
Saudi Arabia,2017,SAU2017,SAU,682,670,12,4.0804939,.95328683,2.8602867,5.3007011,5.5302353,1.0294217,4.2125754,6.8478951,3.6063116,.93250763,2.4127018,4.7999215,3.6134853,.95589578,2.3899388,4.8370318,4.9538212,1.1357929,3.5000064,6.4076362,1.1511061,1.2367314,-.4319101,2.7341223,1.0000015,1.2788856,-.63697201,2.636975,1.6026833,1.5406309,-.3693243,3.5746908,,,,,2.8217711,1.1312433,1.3737797,4.2697625,1.0402691,.98051435,-.21478923,2.2953274
Saudi Arabia,2018,SAU2018,SAU,682,670,12,4.2499456,.78098083,3.2502902,5.2496009,4.8028989,.60054392,4.0342026,5.5715952,2.6725338,.53304011,1.9902424,3.354825,3.1269054,.37621891,2.6453452,3.6084657,4.1331959,.74173123,3.18378,5.082612,1.5312825,.50598973,.88361567,2.1789494,1.2250983,.46973103,.62384254,1.826354,2.002913,.45895895,1.4154456,2.5903804,,,,,2.527421,.92549849,1.342783,3.712059,1.2566239,.74733591,.3000339,2.2132139
Saudi Arabia,2019,SAU2019,SAU,682,670,12,4.2876492,.72395241,3.36099,5.2143083,4.9651346,.48243791,4.3476143,5.582655,2.3259823,.4492304,1.7509674,2.9009972,3.6940899,.35012975,3.2459238,4.1422558,2.4965203,.59147948,1.7394265,3.2536139,1.9083148,.24197733,1.5985838,2.2180457,1.4758135,.27279654,1.1266339,1.8249931,2.177707,.24107583,1.8691299,2.486284,,,,,2.3675313,.93742067,1.1676328,3.5674298,1.4152739,.66031092,.57007593,2.2604718
Saudi Arabia,2020,SAU2020,SAU,682,670,12,4.3132133,.45384374,3.7322934,4.8941336,5.2231593,.37674531,4.7409253,5.7053933,2.9056118,.47004068,2.3039596,3.5072639,3.6518056,.41095722,3.1257803,4.1778307,4.3363824,.47680914,3.7260666,4.9466982,1.958294,.27228692,1.6097667,2.3068213,1.8091645,.25928333,1.4772818,2.1410472,2.0503373,.24251384,1.7399197,2.360755,,,,,2.6506243,.76325184,1.6736619,3.6275866,1.4962091,.67455953,.63277292,2.3596454
Saudi Arabia,2021,SAU2021,SAU,682,670,12,4.9482541,.41675976,4.4148016,5.4817066,6.1756673,.54275,5.4809475,6.8703871,3.4904878,.38319147,3.0000026,3.980973,3.9497359,.42349061,3.4076679,4.4918036,3.1730571,.49255279,2.5425894,3.8035247,1.9771147,.26747164,1.634751,2.3194783,1.9783465,.29648155,1.5988501,2.3578429,1.9871126,.26131532,1.652629,2.3215961,3.3651299,.56689471,2.6395047,4.090755,3.4031475,.74196237,2.4534357,4.3528595,1.5759808,.66092628,.72999513,2.4219663
Saudi Arabia,2022,SAU2022,SAU,682,670,12,5.1498203,.32626349,4.732203,5.5674376,7.1843891,.48222357,6.567143,7.8016353,4.1344905,.40616772,3.6145959,4.6543851,4.1660366,.34931499,3.7189133,4.6131597,2.264745,.51528633,1.6051785,2.9243114,2.0256932,.33620721,1.595348,2.4560385,1.806139,.37438664,1.3269241,2.2853539,1.9180157,.34752852,1.4731792,2.3628523,3.0460746,.34752768,2.6012392,3.4909101,4.133235,.7353161,3.1920304,5.0744395,1.4067776,.66845196,.55115908,2.2623961
Saudi Arabia,2023,SAU2023,SAU,682,670,12,4.9241624,.43896747,4.3622842,5.4860406,7.2145958,.39705333,6.7063675,7.7228241,4.5999207,.54838282,3.8979907,5.3018508,4.2101383,.45797372,3.6239319,4.7963448,2.1594083,.42312199,1.6178122,2.7010045,2.3103988,.56569189,1.5863132,3.0344844,1.8650876,.56984091,1.1356913,2.5944841,2.0894494,.57289225,1.3561473,2.8227515,2.4731064,.49468967,1.8399036,3.1063092,3.8636892,.80758959,2.8299744,4.8974037,1.6951613,.77206248,.70692134,2.6834013
United Kingdom,2017,GBR2017,GBR,826,200,13,8.0664091,.2545816,7.7405448,8.3922739,7.702693,.2916055,7.3294377,8.0759478,7.4811144,.36662722,7.0118318,7.950397,7.0859318,.41545483,6.5541496,7.6177139,10,0,10,10,7.9963503,.90696454,6.8354359,9.1572647,6.7849021,.9111219,5.6186662,7.951138,7.9821105,.71395886,7.068243,8.895978,,,,,7.2080989,.73375297,6.2688951,8.1473026,7.3591695,.74424267,6.406539,8.3118
United Kingdom,2018,GBR2018,GBR,826,200,13,8.2174988,.20239556,7.9584327,8.4765654,7.5441647,.25425544,7.2187176,7.8696117,7.345778,.26312661,7.008976,7.68258,6.8047681,.30445331,6.4150677,7.1944685,10,0,10,10,6.6669412,.33506796,6.2380543,7.0958281,6.696672,.34125957,6.2598596,7.1334844,7.1299849,.25634205,6.801867,7.4581027,,,,,7.2993679,.73149377,6.3630557,8.2356796,6.8697329,.67478091,6.0060134,7.7334523
United Kingdom,2019,GBR2019,GBR,826,200,13,8.7186518,.33439678,8.2906237,9.1466799,7.1172447,.27436957,6.7660518,7.4684377,6.8497448,.30800885,6.4554935,7.2439961,6.3944554,.33153439,5.9700913,6.8188195,10,0,10,10,6.5334306,.30105898,6.1480751,6.918786,6.8358979,.33155462,6.4115081,7.2602878,6.7797651,.28975326,6.4088812,7.1506491,,,,,7.2927537,.75972682,6.3203034,8.2652044,6.5816154,.68359172,5.7066178,7.4566131
United Kingdom,2020,GBR2020,GBR,826,200,13,8.7775297,.24090661,8.4691696,9.0858898,7.7295218,.27481067,7.3777642,8.0812798,6.800837,.34108755,6.3642449,7.2374291,6.2341542,.37299851,5.7567163,6.7115922,10,0,10,10,6.1305232,.33133695,5.7064118,6.5546346,6.7087245,.32498437,6.2927446,7.1247044,5.4483681,.33376998,5.0211425,5.8755937,,,,,7.5436797,.72019601,6.621829,8.4655304,5.8827896,.66766173,5.0281825,6.7373967
United Kingdom,2021,GBR2021,GBR,826,200,13,8.1921577,.1940877,7.9437256,8.4405899,7.7892718,.20040688,7.5327511,8.0457926,6.7951088,.26070908,6.461401,7.1288166,6.3492436,.32296833,5.9358439,6.7626433,10,0,10,10,5.8004408,.36991212,5.3269534,6.2739282,6.2829347,.31801516,5.8758755,6.6899939,5.005816,.35732836,4.5484357,5.4631963,,,,,7.1963129,.71161878,6.2854409,8.1071854,5.5575933,.6723606,4.6969719,6.4182148
United Kingdom,2022,GBR2022,GBR,826,200,13,8.0917568,.15161121,7.8976946,8.2858191,7.5472841,.18223593,7.3140221,7.7805462,6.5174198,.19046405,6.2736259,6.7612138,6.3275375,.24102016,6.0190315,6.6360435,10,0,10,10,5.8606892,.25946221,5.5285773,6.192801,6.254271,.28192246,5.8934102,6.6151319,5.4034958,.26545388,5.063715,5.7432766,8.6772346,.34666333,8.2335052,9.1209641,7.0256681,.71396822,6.1117887,7.9395475,5.7670794,.64321506,4.9437642,6.5903945
United Kingdom,2023,GBR2023,GBR,826,200,13,8.2917957,.17915504,8.0624771,8.5211143,7.6825657,.25740162,7.3530917,8.0120401,6.284502,.24392222,5.9722815,6.5967226,6.2924342,.31172979,5.8934202,6.6914482,10,0,10,10,5.5391188,.31839967,5.131567,5.9466705,6.4210591,.34484318,5.97966,6.8624582,5.2110691,.37645912,4.7292013,5.6929369,8.6298113,.32672566,8.2116022,9.0480204,7.0829911,.70810235,6.17662,7.9893622,5.4926434,.66405326,4.6426554,6.3426313
DRC,2017,COD2017,COD,180,490,14,,,,,,,,,,,,,,,,,10,0,10,10,2.1735821,1.7137489,-.020016557,4.3671808,1.2176224,1.662663,-.91058624,3.3458309,3.1231072,1.7273359,.91211718,5.3340974,,,,,,,,,2.1084898,1.0441213,.77201456,3.4449649
DRC,2018,COD2018,COD,180,490,14,4.9205208,.53604513,4.2343831,5.6066585,4.459527,.42130467,3.9202571,4.9987969,3.0426402,.44165713,2.477319,3.6079614,3.8297143,.2978915,3.4484131,4.2110152,10,0,10,10,2.5340075,.38264561,2.0442212,3.0237939,3.9690464,.55435276,3.2594748,4.678618,3.2776055,.32198814,2.8654606,3.6897504,,,,,3.1513793,.74701226,2.1952035,4.1075549,2.7146027,.64878106,1.8841629,3.5450425
DRC,2019,COD2019,COD,180,490,14,5.9337163,.47096884,5.3308764,6.5365562,5.2457042,.3685396,4.7739735,5.7174349,4.2842646,.44814086,3.7106442,4.8578849,4.8596106,.30523115,4.4689145,5.2503066,10,0,10,10,4.6875591,.35500488,4.2331529,5.1419654,6.0066342,.56116629,5.2883415,6.7249269,5.5427451,.43767905,4.9825158,6.1029744,,,,,4.4557109,.73568827,3.51403,5.3973918,5.2290244,.71276546,4.3166847,6.1413641
DRC,2020,COD2020,COD,180,490,14,6.0440149,.34157905,5.6067939,6.481236,5.1427202,.41125,4.6163201,5.6691203,3.8532264,.3201763,3.4434009,4.263052,4.1142163,.36647028,3.6451344,4.5832982,10,0,10,10,4.0021629,.81944108,2.9532783,5.0510473,5.5787516,1.0859348,4.188755,6.9687481,6.566462,.85366338,5.473773,7.6591511,,,,,4.3972139,.73906302,3.4512134,5.3432145,5.4531817,.90467888,4.2951927,6.6111708
DRC,2021,COD2021,COD,180,490,14,6.3817372,.49477127,5.7484298,7.0150447,5.9856257,.47674003,5.3753986,6.5958529,3.9895585,.33173424,3.5649385,4.4141784,4.1065111,.36597675,3.6380608,4.5749612,10,0,10,10,4.776701,.6766296,3.910615,5.642787,5.5218959,.70611769,4.6180654,6.4257264,4.8853307,.80585927,3.8538308,5.9168305,,,,,4.7813811,.79044896,3.7696064,5.7931557,4.8809819,.72010553,3.9592469,5.8027172
DRC,2022,COD2022,COD,180,490,14,5.9539685,.60318935,5.1818862,6.7260509,5.5784202,.59555012,4.8161159,6.3407245,3.72944,.45727307,3.1441305,4.3147497,4.1381326,.3380945,3.7053716,4.5708938,10,0,10,10,4.3979902,.45563641,3.8147757,4.981205,4.9271703,.47226116,4.3226762,5.5316644,4.7027893,.46691671,4.1051359,5.3004427,8.4778938,1.091364,7.0809479,9.8748398,4.6408587,.90306365,3.4849372,5.7967801,4.5750828,.77874357,3.5782909,5.5718746
DRC,2023,COD2023,COD,180,490,14,4.700058,.74853951,3.7419274,5.6581883,4.8430629,.7592563,3.8712149,5.8149109,3.2580485,.5821014,2.5129588,4.0031385,3.3991199,.61464775,2.6123707,4.1858687,10,0,10,10,3.6444855,.69327366,2.7570951,4.5318756,4.707438,.80060071,3.6826692,5.7322068,5.1778235,.74137205,4.2288675,6.1267796,7.1981926,.77809006,6.2022371,8.1941481,3.3094506,1.0067356,2.0208292,4.5980721,4.4504824,.70973748,3.5420184,5.3589463
Jordan,2017,JOR2017,JOR,400,663,15,7.7245388,.61018902,6.9434967,8.5055809,7.3084426,.78745234,6.3005037,8.3163815,5.5928483,.81770861,4.5461812,6.6395154,5.3664832,.6702438,4.5085711,6.2243953,8.4634991,1.0074288,7.1739902,9.7530079,4.1984296,1.3726088,2.4414904,5.955369,4.5261407,.88326013,3.3955677,5.6567135,3.6597271,1.2825992,2.0180001,5.3014541,,,,,6.3052001,.76797706,5.3221893,7.2882109,3.630302,1.1430252,2.1672297,5.0933743
Jordan,2018,JOR2018,JOR,400,663,15,7.5788083,.39099628,7.0783329,8.0792837,7.7584662,.57754135,7.0192132,8.4977188,4.8352757,.37945229,4.349577,5.3209743,6.0659027,.40176281,5.5516462,6.5801592,9.0299997,.4190577,8.4936056,9.5663939,4.0402589,.49250743,3.4098494,4.6706686,4.2315483,.50850993,3.5806556,4.882441,3.8450937,.469989,3.2435079,4.4466796,,,,,6.4925418,.73048687,5.5575185,7.4275651,3.6797769,.71546328,2.763984,4.5955701
Jordan,2019,JOR2019,JOR,400,663,15,6.7565355,.50885016,6.1052074,7.4078636,8.2132797,.50722814,7.5640278,8.8625317,4.1937995,.40643609,3.6735613,4.7140379,6.2535853,.31748992,5.847198,6.6599727,9.4297485,.45246175,8.8505974,10.0089,3.3473473,.30245575,2.9602039,3.7344906,4.5026622,.56995022,3.7731259,5.2321982,3.6727617,.38331965,3.1821125,4.1634107,,,,,6.2836742,.83248973,5.2180872,7.3492613,3.4633498,.71498007,2.5481753,4.3785243
Jordan,2020,JOR2020,JOR,400,663,15,7.2737365,.5896858,6.5189385,8.0285339,7.8565679,.50575912,7.2091961,8.5039396,4.3670101,.47046366,3.7648165,4.9692035,5.4830675,.50116318,4.8415785,6.1245565,7.7010646,.82965147,6.6391106,8.7630186,2.9439263,.33506235,2.5150466,3.3728061,4.6188617,.70291978,3.7191243,5.518599,3.4225645,.35749459,2.9649715,3.8801575,,,,,6.0818725,.75660074,5.1134233,7.0503216,3.2730808,.66291225,2.4245532,4.1216087
Jordan,2021,JOR2021,JOR,400,663,15,7.5104418,.64619231,6.6833158,8.3375683,7.9342575,.61565632,7.1462173,8.7222977,4.7973471,.52750778,4.1221371,5.4725571,6.5656428,.70418775,5.6642823,7.4670033,10,0,10,10,3.6969168,.43882897,3.1352158,4.2586179,5.7919693,.8795684,4.666122,6.9178166,4.1568699,.61860603,3.3650541,4.9486856,,,,,6.6851463,.81895,5.6368904,7.7334023,4.1209607,.71928161,3.2002802,5.0416412
Jordan,2022,JOR2022,JOR,400,663,15,7.866436,.46743843,7.268115,8.464757,8.2556581,.42211118,7.7153559,8.7959604,6.1919298,.49287385,5.5610514,6.8228083,6.8764787,.5390017,6.1865563,7.566401,10,0,10,10,3.9936991,.42456543,3.4502554,4.5371428,5.9144316,.82208866,4.8621583,6.9667048,4.9732642,.64482307,4.1478906,5.7986379,7.5101748,1.2385024,5.9248915,9.095458,7.205821,.80998242,6.1690435,8.2425985,4.9228339,.75556237,3.955714,5.8899536
Jordan,2023,JOR2023,JOR,400,663,15,8.3733664,.5553472,7.6625218,9.0842104,8.0426569,.544855,7.3452425,8.7400713,6.2660551,.57147509,5.5345669,6.9975433,6.6895046,.60839313,5.9107614,7.4682479,10,0,10,10,,,,,,,,,,,,,7.7390952,1.0963339,6.3357878,9.1424026,7.4207091,.75802094,6.4504423,8.390976,,,,
South Korea,2017,KOR2017,KOR,410,732,16,8.1667843,.50037503,7.5263042,8.8072643,,,,,7.1833873,.52348983,6.5133204,7.8534541,7.6771598,.45434114,7.095603,8.2587166,10,0,10,10,6.5830507,.7560904,5.6152549,7.5508466,8.1672239,.64935279,7.3360524,8.9983959,7.5713148,.63890481,6.7535167,8.3891134,,,,,7.3074265,.96644503,6.0703769,8.5444765,7.0914898,.84335506,6.0119953,8.1709843
South Korea,2018,KOR2018,KOR,410,732,16,8.5476828,.41434431,8.0173216,9.0780439,8.6822739,.6973958,7.789607,9.5749407,7.211154,.39045519,6.7113714,7.7109365,7.4398518,.32095292,7.0290322,7.8506713,10,0,10,10,6.4363494,.42249936,5.8955503,6.9771485,7.2069268,.51523954,6.54742,7.8664336,7.7362037,.42815691,7.1881628,8.2842445,,,,,7.9205236,.76651853,6.9393797,8.9016676,7.0966945,.71491313,6.1816058,8.0117836
South Korea,2019,KOR2019,KOR,410,732,16,9.5787153,.50046277,8.9381227,10.219308,9.0086699,.68420595,8.1328859,9.8844538,6.9259491,.3975814,6.4170451,7.4348531,6.6027575,.33849418,6.1694851,7.0360298,10,0,10,10,6.3556747,.29933932,5.9725204,6.7388291,6.4915257,.46167946,5.9005761,7.0824752,7.1298203,.43714747,6.5702715,7.6893692,,,,,8.6808643,.75459164,7.7149868,9.6467419,6.5996747,.7275247,5.6684432,7.5309062
South Korea,2020,KOR2020,KOR,410,732,16,9.0660677,.30445302,8.6763678,9.4557676,8.9170389,.28849682,8.5477629,9.286315,7.7937636,.32701525,7.3751841,8.2123432,7.0940986,.33161399,6.6696324,7.5185647,10,0,10,10,6.5664501,.30401367,6.1773129,6.9555874,7.2333784,.39608857,6.7263851,7.7403717,5.7604208,.35537276,5.3055439,6.2152977,,,,,8.2852545,.74962562,7.3257337,9.2447748,6.43747,.67418033,5.5745192,7.3004208
South Korea,2021,KOR2021,KOR,410,732,16,8.7351818,.26818857,8.3919001,9.0784636,9.0093193,.27161929,8.6616468,9.3569918,7.7555885,.26132169,7.4210968,8.0900803,7.4328885,.26392636,7.0950627,7.7707143,10,0,10,10,7.4545579,.46568498,6.8584809,8.0506344,7.5617933,.44870824,6.9874468,8.1361399,6.6751289,.45750925,6.0895171,7.2607408,7.6378646,.97812325,6.3858666,8.8898621,8.2407913,.72829866,7.308569,9.1730137,7.2568498,.73772019,6.3125677,8.2011318
South Korea,2022,KOR2022,KOR,410,732,16,8.7004795,.31754041,8.2940273,9.1069317,8.5891762,.36530575,8.1215849,9.0567675,7.1570549,.35076973,6.7080698,7.60604,7.5469933,.37025797,7.0730629,8.0209236,10,0,10,10,7.1533289,.69027013,6.269783,8.0368748,7.6357841,.47505009,7.02772,8.2438478,6.6008272,.55593711,5.8892279,7.3124266,8.3868427,.62276894,7.5896983,9.1839867,8.141819,.75716919,7.1726422,9.1109953,7.1581025,.73567832,6.2164345,8.0997705
South Korea,2023,KOR2023,KOR,410,732,16,8.6933575,.42884144,8.1444407,9.2422743,8.3943634,.53699207,7.7070136,9.0817137,6.8454242,.52334142,6.1755471,7.5153012,7.3748593,.64296383,6.5518656,8.1978531,10,0,10,10,6.3044705,.94813925,5.0908523,7.5180888,7.1590767,.64261073,6.336535,7.9816184,4.8040633,.70573288,3.9007251,5.7074013,8.9533815,.67795968,8.0855932,9.8211699,7.8467226,.88646877,6.7120428,8.9814024,5.7852397,.89515847,4.6394367,6.9310427
United States,2017,USA2017,USA,840,2,17,7.0749698,.27338266,6.72504,7.4248996,4.8750982,.62704736,4.0724778,5.6777186,4.9700627,.55869818,4.2549291,5.6851964,4.7247272,.48498842,4.1039419,5.3455124,7.4877887,.411652,6.9608741,8.0147028,5.647172,.8086518,4.6120977,6.6822462,4.1439233,.77037621,3.1578417,5.1300049,5.882627,.85564625,4.7873998,6.9778543,,,,,4.7233624,.78073198,3.7240255,5.7226992,5.2311525,.99063194,3.9631436,6.4991612
United States,2018,USA2018,USA,840,2,17,7.0544214,.26478031,6.7155027,7.3933401,4.9644456,.32462689,4.548923,5.3799682,4.8853149,.35345286,4.4328952,5.3377347,4.0638227,.27224463,3.7153497,4.4122958,6.2929821,.38092235,5.8054013,6.7805629,5.9082823,.31970507,5.4990597,6.3175049,4.9165034,.33575866,4.4867325,5.3462744,6.6888933,.33384749,6.2615685,7.1162181,,,,,4.5457649,.73755491,3.6016946,5.4898353,5.8049974,.67294568,4.9436269,6.666368
United States,2019,USA2019,USA,840,2,17,7.5283418,.36019853,7.0672874,7.9893961,4.997849,.23536538,4.6965814,5.2991166,5.2742801,.23482096,4.9737091,5.574851,4.2247772,.22942762,3.9311099,4.5184445,5.4534431,.28420824,5.0896564,5.8172297,5.6836648,.23642179,5.3810449,5.9862847,5.126822,.25730833,4.7974672,5.4561768,6.5200963,.24441697,6.2072425,6.8329501,,,,,4.8844786,.77927417,3.8870077,5.8819494,5.7611585,.64967674,4.9295721,6.5927448
United States,2020,USA2020,USA,840,2,17,6.8380208,.29251352,6.4636035,7.2124381,4.8475027,.25565207,4.520268,5.1747375,5.0966063,.31602168,4.6920986,5.5011139,4.3387218,.2802074,3.9800563,4.6973872,5.4370742,.30739573,5.0436077,5.8305407,5.3612118,.3329654,4.9350162,5.7874074,4.7167506,.28565088,4.3511176,5.0823836,5.173121,.29665846,4.7933984,5.5528436,,,,,4.3879027,.71192324,3.4766409,5.2991643,4.8452997,.66723001,3.9912453,5.6993542
United States,2021,USA2021,USA,840,2,17,7.6086521,.26791158,7.2657251,7.9515791,4.9457521,.38779813,4.4493704,5.4421339,6.0974941,.30630928,5.7054181,6.4895701,5.0138946,.41857967,4.4781127,5.5496764,5.9377127,.49601221,5.3028169,6.5726085,6.0722451,.37541756,5.5917106,6.5527797,5.1586475,.36401808,4.6927042,5.6245909,6.1313562,.34567097,5.6888976,6.5738149,,,,,5.036098,.73658073,4.0932746,5.9789214,5.5832629,.72067261,4.6608019,6.505724
United States,2022,USA2022,USA,840,2,17,7.7947211,.19391024,7.5465159,8.0429258,5.1829824,.28957334,4.8123283,5.5536366,5.2499313,.24602419,4.9350204,5.5648422,4.9169049,.27272826,4.5678129,5.2659969,6.0853124,.3741098,5.606452,6.5641727,6.2789021,.38342655,5.788116,6.7696881,5.2345018,.33509567,4.8055792,5.6634245,5.9014626,.34666154,5.457736,6.3451891,7.7029891,.40423998,7.1855621,8.2204161,5.2129688,.74903446,4.2542048,6.1717329,5.8792729,.6447742,5.0539618,6.7045841
United States,2023,USA2023,USA,840,2,17,7.6115818,.2455484,7.2972798,7.9258838,5.3255658,.34742498,4.8808618,5.7702699,4.960371,.3290827,4.539145,5.381597,4.6440887,.22857392,4.3515143,4.9366632,5.943779,.41204014,5.4163675,6.4711905,6.2550411,.36896041,5.7827716,6.7273107,5.375113,.37462178,4.895597,5.854629,5.6405354,.45526633,5.0577946,6.2232761,7.2761908,.43527323,6.7190409,7.8333406,5.0007505,.73571485,4.0590353,5.9424658,5.6793437,.64816117,4.8496976,6.5089898
Venezuela,2017,VEN2017,VEN,862,101,18,4.7297344,.59097672,3.9732842,5.4861846,5.3352842,.71697909,4.417551,6.2530174,3.2232153,.53232986,2.5418332,3.9045975,3.5068228,.54745126,2.8060851,4.2075605,10,0,10,10,2.8477192,1.4911499,.93904734,4.756391,1.9033079,1.0301653,.58469629,3.2219195,2.25964,.93002683,1.0692056,3.4500744,,,,,3.4109206,.95529211,2.1881468,4.6336946,1.8615012,.9666003,.62425286,3.0987496
Venezuela,2018,VEN2018,VEN,862,101,18,4.7134805,.45369089,4.1327562,5.2942047,3.9352894,.45769998,3.3494334,4.5211453,3.1116929,.40612152,2.5918574,3.6315284,3.4521251,.27906322,3.0949242,3.8093259,10,0,10,10,2.5629187,.29522252,2.1850338,2.9408035,2.4656863,.27633497,2.1119776,2.8193951,3.0757976,.31293899,2.6752357,3.4763594,,,,,2.7408936,.74064285,1.7928708,3.6889164,2.3775518,.67817348,1.5094898,3.2456138
Venezuela,2019,VEN2019,VEN,862,101,18,4.2164907,.34076425,3.7803125,4.652669,3.303581,.21034117,3.0343442,3.5728178,3.0640006,.26882556,2.7199039,3.4080973,3.5913377,.20305727,3.3314245,3.8512509,10,0,10,10,2.8114233,.17828062,2.5832241,3.0396225,2.6910157,.160365,2.4857485,2.8962829,3.3532114,.1589976,3.1496944,3.5567284,,,,,2.351167,.73037773,1.4162835,3.2860506,2.5393674,.65665948,1.6988432,3.3798916
Venezuela,2020,VEN2020,VEN,862,101,18,4.4425893,.34136942,4.0056362,4.8795424,3.5397806,.24746762,3.223022,3.8565392,3.5254359,.22924376,3.2320039,3.8188679,4.0724607,.19204099,3.8266482,4.3182731,10,0,10,10,3.0011394,.20660764,2.7366817,3.2655971,2.7383177,.17696911,2.5117972,2.9648383,3.1585453,.16934055,2.9417894,3.3753011,,,,,2.5017946,.72948426,1.5680547,3.4355345,2.6525123,.64187086,1.8309176,3.474107
Venezuela,2021,VEN2021,VEN,862,101,18,4.8451452,.49792123,4.2078061,5.4824843,4.4066887,.6761477,3.5412197,5.2721577,4.2333026,.41049159,3.7078733,4.7587318,4.1541753,.35923222,3.6943581,4.6139927,10,0,10,10,3.1536446,.23612446,2.8514051,3.455884,2.9798484,.41012782,2.4548848,3.504812,3.4105556,.2920284,3.0367591,3.7843521,,,,,3.4035609,.877626,2.2801995,4.5269222,2.8255546,.67627031,1.9599286,3.6911807
Venezuela,2022,VEN2022,VEN,862,101,18,5.2304912,.33496216,4.8017397,5.6592426,4.894176,.50462568,4.2482553,5.5400968,4.8397517,.28595826,4.4737253,5.2057781,4.3194346,.31181467,3.9203119,4.7185574,10,0,10,10,3.1779513,.24872082,2.8595886,3.496314,3.2439606,.37090084,2.7692075,3.7187138,3.5354025,.31118947,3.13708,3.9337251,6.4020247,.8179214,5.3550854,7.4489641,3.7489135,.71293533,2.8363564,4.6614709,3.1109731,.66545862,2.259186,3.9627602
Venezuela,2023,VEN2023,VEN,862,101,18,4.7068553,.37958261,4.2209897,5.1927209,4.5392175,.43142805,3.9869895,5.0914454,4.2015123,.36692595,3.731847,4.6711774,3.817821,.40927973,3.2939429,4.3416991,10,0,10,10,2.7689769,.34011722,2.333627,3.2043269,2.7602684,.35416955,2.3069315,3.2136054,2.9617391,.3234379,2.5477386,3.3757396,6.1672616,1.0084506,4.8764448,7.4580784,3.1136112,.74836814,2.1557,4.0715222,2.5168355,.71056348,1.6073142,3.4263568
Vietnam,2017,VNM2017,VNM,704,816,19,6.5550151,.36117777,6.0927076,7.0173225,6.2661042,.46818045,5.6668334,6.865375,3.9762807,.2824724,3.6147161,4.3378453,3.6801283,.26059443,3.3465674,4.013689,5.251843,.55409175,4.5426054,5.9610806,1.8966424,.92034221,.71860445,3.0746806,1.4886284,.93760878,.28848916,2.6887677,1.646374,.83043897,.58341211,2.7093358,,,,,4.7356052,.78999084,3.724417,5.7467937,1.2078249,.75090122,.24667138,2.1689785
Vietnam,2018,VNM2018,VNM,704,816,19,6.0750475,.29691175,5.6950006,6.4550943,5.9825401,.36370566,5.5169969,6.4480834,3.475462,.27177256,3.127593,3.8233309,3.8503654,.20760317,3.5846334,4.1160975,4.847033,.439527,4.2844386,5.4096274,2.2331946,.25885311,1.9018626,2.5645266,2.3483627,.33130512,1.9242921,2.7724333,2.9815812,.314338,2.5792286,3.3839338,,,,,4.2250199,.75129086,3.2633677,5.1866722,2.1082251,.67007852,1.2505246,2.9659257
Vietnam,2019,VNM2019,VNM,704,816,19,4.9444079,.27829945,4.5881848,5.300631,6.3752499,.30169588,5.989079,6.7614207,3.6195571,.28610462,3.2533433,3.9857709,4.3594437,.22522439,4.0711565,4.6477308,4.9188676,.44877139,4.34444,5.4932952,2.4282246,.16053745,2.2227366,2.6337125,2.6920359,.16884612,2.4759128,2.908159,3.2244289,.17029519,3.0064511,3.4424067,,,,,3.6963096,.70939273,2.7882869,4.6043324,2.4304202,.66507345,1.5791261,3.2817142
Vietnam,2020,VNM2020,VNM,704,816,19,6.7615066,.26879385,6.4174504,7.1055627,6.8421097,.25976217,6.509614,7.1746054,4.3803172,.23444058,4.0802331,4.6804013,4.6131587,.19945194,4.3578601,4.8684573,5.3503132,.4006038,4.8375401,5.8630862,2.7053137,.16282199,2.4969015,2.9137259,2.8360815,.14804989,2.6465776,3.0255854,3.0897412,.14163671,2.9084463,3.2710361,,,,,5.1412535,.71768039,4.2226224,6.0598845,2.4961436,.67018551,1.6383061,3.353981
Vietnam,2021,VNM2021,VNM,704,816,19,6.7693176,.24426146,6.4566631,7.0819721,6.8841672,.24071611,6.5760508,7.1922836,4.5059614,.16263628,4.2977872,4.7141356,4.4808254,.20367138,4.2201262,4.7415247,5.5536547,.38949755,5.0550976,6.0522118,2.8508677,.15185606,2.656492,3.0452435,2.7237525,.20627373,2.459722,2.987783,2.8510959,.15076527,2.6581163,3.0440755,2.8801525,.24277191,2.5694044,3.1909006,5.121294,.70097727,4.2240429,6.0185452,2.3578529,.64161122,1.5365906,3.1791153
Vietnam,2022,VNM2022,VNM,704,816,19,6.3732867,.28629911,6.006824,6.7397494,6.6204634,.27534121,6.2680268,6.9728999,4.2898722,.19986768,4.0340414,4.5457029,4.1047096,.22361156,3.8184869,4.3909326,5.3976064,.57488918,4.6617484,6.1334643,2.8218536,.16477749,2.6109385,3.0327687,2.4710286,.26521114,2.1315584,2.8104987,2.7447424,.18219148,2.5115373,2.9779475,2.7039232,.18173286,2.4713051,2.9365413,4.6649504,.71088964,3.7550116,5.5748892,2.2126827,.65057683,1.3799443,3.0454211
Vietnam,2023,VNM2023,VNM,704,816,19,6.3420491,.50689131,5.6932282,6.99087,6.3256836,.56614882,5.6010132,7.050354,4.3239856,.31073949,3.926239,4.7217321,3.9868643,.413102,3.4580939,4.515635,4.9405532,1.0224826,3.6317754,6.249331,2.7788837,.30231678,2.3919182,3.1658492,2.6761937,.44208187,2.1103289,3.2420585,2.5327842,.32977575,2.1106713,2.9548972,2.3632143,.27823585,2.0070724,2.7193561,4.5618129,.70294911,3.6620381,5.4615879,2.2576342,.69083834,1.3733611,3.1419072
American Samoa,2019,ASM2019,ASM,16,,20,7.9286475,.54906636,7.2258425,8.6314526,,,,,9.1520882,1.0545288,7.8022914,10.501885,6.6455741,.7688846,5.6614017,7.6297464,10,0,10,10,7.9765444,.65827459,7.1339531,8.8191357,7.8873706,.52645385,7.2135096,8.5612316,8.0307741,.51810473,7.3676,8.6939478,,,,,7.289248,1.1015497,5.8792644,8.6992321,7.9557428,.74946469,6.996428,8.9150572
American Samoa,2020,ASM2020,ASM,16,,20,,,,,,,,,,,,,,,,,10,0,10,10,,,,,7.136939,1.0285658,5.820375,8.4535036,,,,,,,,,,,,,,,,
Cook Islands,2018,COK2018,COK,184,,21,8.4476881,.54191458,7.7540374,9.1413383,8.3452034,.88419187,7.213438,9.4769688,8.3480768,.75885874,7.3767376,9.319416,7.3791099,.74141449,6.4300995,8.3281202,10,0,10,10,6.8381696,.47914928,6.2248583,7.4514809,6.6376257,.7639268,5.6597996,7.6154518,9.2506571,.64112169,8.4300213,10.071293,,,,,7.7187147,.86360025,6.6133065,8.8241234,7.7442489,.71101278,6.8341527,8.6543455
Cook Islands,2019,COK2019,COK,184,,21,8.7785301,.33192816,8.3536625,9.2033978,8.5320721,.38199946,8.0431128,9.0210314,8.4919729,.47441784,7.8847179,9.0992279,7.6383815,.45577458,7.0549898,8.2217731,10,0,10,10,6.7848263,.42030153,6.2468405,7.3228121,7.0239444,.4107385,6.498199,7.5496898,8.6356173,.40535083,8.1167679,9.1544666,,,,,8.2914591,.75876266,7.3202429,9.2626753,7.5800691,.73977739,6.6331539,8.5269842
Cook Islands,2020,COK2020,COK,184,,21,8.7683306,.23143749,8.4720907,9.0645704,8.6501045,.22739901,8.3590336,8.9411755,8.6278677,.25668025,8.2993174,8.956418,8.0823212,.33812574,7.6495204,8.5151224,10,0,10,10,6.3582144,.53567666,5.6725483,7.0438805,7.7305202,.36351657,7.2652192,8.1958218,7.9236989,.41295052,7.3951221,8.4522753,,,,,8.3551331,.73312163,7.4167376,9.2935286,7.3556228,.78818262,6.3467488,8.3644962
Cook Islands,2021,COK2021,COK,184,,21,8.8104029,.24098983,8.501936,9.1188698,8.8239956,.28277105,8.4620485,9.1859426,8.7753448,.26645792,8.4342785,9.1164112,8.0158482,.40710691,7.4947515,8.5369453,10,0,10,10,6.7425051,.52583152,6.0694408,7.4155693,7.704639,.45684195,7.1198812,8.2893963,8.1178255,.43313694,7.5634103,8.6722412,,,,,8.4254742,.7561931,7.4575472,9.3934011,7.6386046,.75903255,6.6670432,8.6101665
Cook Islands,2022,COK2022,COK,184,,21,8.9337206,.37979376,8.4475842,9.419857,8.8985872,.41450897,8.3680153,9.4291592,8.8781395,.48171812,8.2615404,9.4947386,7.4366226,.57513779,6.7004461,8.1727991,10,0,10,10,6.6152916,.68704528,5.7358737,7.4947095,6.1052942,.95768726,4.8794546,7.3311338,8.1946802,.80931145,7.1587615,9.2305984,,,,,8.5914841,.73310757,7.6531062,9.5298615,7.1932783,.75553215,6.2261972,8.1603594
FSM,2019,FSM2019,FSM,583,987,22,9.5384207,1.3037356,7.8696389,11.207202,,,,,8.3975325,1.106621,6.9810576,9.8140078,6.1545939,.99497586,4.8810248,7.4281631,10,0,10,10,6.9839964,.76162809,6.0091124,7.9588804,7.6741991,.75916564,6.702467,8.6459312,8.7486219,.86523187,7.6411252,9.8561192,,,,,8.3461485,1.1614985,6.8594303,9.8328667,8.044136,.88540649,6.9108157,9.1774559
FSM,2020,FSM2020,FSM,583,987,22,9.5448294,1.0411104,8.2122078,10.877451,9.0478468,.83469838,7.9794331,10.116261,8.7039118,.89129007,7.5630603,9.8447628,8.0684633,.90526295,6.9097266,9.2271996,10,0,10,10,6.5185099,.80991662,5.4818168,7.555203,6.6095829,1.260385,4.9962902,8.2228756,8.6267681,.74167943,7.6774182,9.5761175,,,,,9.2423086,1.1160879,7.8137159,10.670901,7.4620113,.9002769,6.3096571,8.6143656
French Polynesia,2019,PYF2019,PYF,258,,23,9.6782761,.77967483,8.6802921,10.67626,8.3626747,.79680455,7.3427649,9.3825846,6.7235923,1.4772584,4.8327017,8.6144829,7.114821,.70964265,6.2064786,8.0231638,10,0,10,10,5.5770936,.91425365,4.4068489,6.7473383,6.7366705,.58925313,5.9824266,7.4909143,7.6791,.65519667,6.8404484,8.5177517,,,,,8.5612316,.91326076,7.3922577,9.7302055,6.5821557,.81101948,5.5440507,7.6202607
French Polynesia,2020,PYF2020,PYF,258,,23,8.9917994,.48006251,8.3773193,9.6062794,8.5405188,.50605077,7.8927736,9.1882639,7.4639573,.82169461,6.4121881,8.5157261,7.2745304,.51156884,6.6197224,7.9293385,10,0,10,10,5.4257064,.79504925,4.4080434,6.4433694,6.8439364,.55501854,6.1335125,7.5543604,7.0211182,.72516143,6.0929117,7.9493246,,,,,8.0966225,.74534982,7.1425748,9.0506706,6.3358464,.75842988,5.365056,7.3066368
French Polynesia,2021,PYF2021,PYF,258,,23,8.6837673,.37976658,8.1976662,9.1698685,8.6986332,.40793386,8.1764774,9.220789,8.0294619,.4821187,7.4123497,8.646574,7.5834465,.47608796,6.9740539,8.1928387,10,0,10,10,6.4672666,.65145242,5.6334076,7.3011255,7.5756354,.62232119,6.7790642,8.3722067,7.1559992,1.0251213,5.8438439,8.4681549,,,,,8.2293854,.80546671,7.1983881,9.2603827,6.9957104,.77164882,6.0079999,7.9834208
Guam,2018,GUM2018,GUM,316,,24,9.2487984,.57131624,8.5175133,9.9800835,8.0462208,.54081059,7.3539834,8.7384586,7.7970233,.49729085,7.160491,8.4335556,7.3234634,.4618274,6.7323246,7.9146023,10,0,10,10,7.1703496,.51601702,6.5098476,7.8308516,7.5670767,.42764246,7.0196943,8.114459,7.9220066,.63839358,7.1048627,8.73915,,,,,8.1341362,.7990104,7.111403,9.1568699,7.7660799,.82418096,6.7111282,8.8210316
Guam,2019,GUM2019,GUM,316,,24,9.0219069,.44976908,8.4462023,9.5976114,8.0819712,.37800676,7.5981226,8.5658197,7.7692552,.3344821,7.3411179,8.1973925,7.729908,.34693071,7.2858367,8.1739798,10,0,10,10,7.4128156,.3825182,6.9231925,7.9024386,7.7020278,.3387309,7.2684522,8.135603,7.8844018,.42014995,7.3466101,8.4221935,,,,,8.0755949,.77244562,7.0868645,9.0643253,7.6804023,.66572177,6.8282785,8.532526
Guam,2020,GUM2020,GUM,316,,24,7.8974223,.46819219,7.2981362,8.4967079,7.875021,.42541856,7.3304853,8.4195566,7.4329081,.46047711,6.8434973,8.0223188,7.5918388,.65367377,6.7551365,8.4285412,10,0,10,10,7.9339428,.62766463,7.1305323,8.7373533,7.388412,.75664425,6.4199076,8.3569164,7.0182619,.78857934,6.0088801,8.0276432,,,,,7.1172085,.77441579,6.1259561,8.1084604,7.23738,.95374924,6.0165811,8.4581795
Kiribati,2019,KIR2019,KIR,296,946,25,8.8132563,.69478405,7.9239326,9.7025795,7.2917233,.92865717,6.1030421,8.4804049,6.9327135,1.2039771,5.391623,8.4738045,7.20366,.77466238,6.2120924,8.1952276,10,0,10,10,6.0768771,.57639474,5.3390918,6.8146625,6.768981,.90264308,5.6135979,7.9243641,7.5254707,.97472006,6.2778292,8.7731123,,,,,7.2830138,.9134503,6.1137977,8.4522305,6.7263489,.8611387,5.6240911,7.8286066
Kiribati,2020,KIR2020,KIR,296,946,25,8.6864605,.42728776,8.1395321,9.2333889,8.1417751,.52867275,7.4650741,8.8184767,7.718636,.66578364,6.8664331,8.5708389,7.4070377,.54354829,6.7112961,8.1027794,10,0,10,10,5.7336183,.46236181,5.1417952,6.3254414,7.1501479,.67257911,6.2892466,8.0110493,7.3626933,.55239749,6.6556244,8.0697622,,,,,7.9466004,.80658561,6.9141707,8.9790297,6.7877326,.67632711,5.9220338,7.6534314
Kiribati,2021,KIR2021,KIR,296,946,25,8.3199577,.47441688,7.7127042,8.9272118,8.32547,.4877021,7.7012115,8.949729,7.8500466,.43537229,7.2927699,8.4073229,7.2706141,.56483573,6.5476246,7.9936037,10,0,10,10,6.6017785,1.0821071,5.2166815,7.9868755,7.5953684,.83847553,6.5221195,8.6686172,7.2573276,.70903021,6.3497691,8.1648865,,,,,7.878201,.77556872,6.8854733,8.8709288,6.8564892,.7683897,5.8729506,7.8400278
Marshall Islands,2019,MHL2019,MHL,584,983,26,7.2338362,.78182346,6.2331023,8.2345705,7.6047301,1.0075413,6.3150773,8.8943834,7.1510167,1.0568212,5.7982855,8.5037479,6.2848892,1.0384294,4.9556994,7.614079,10,0,10,10,6.3085723,1.2473159,4.712008,7.9051366,6.9883323,.68314469,6.1139069,7.8627577,,,,,,,,,6.6473684,.98375624,5.3881602,7.9065766,,,,
Marshall Islands,2020,MHL2020,MHL,584,983,26,6.4368234,.97932857,5.1832829,7.6903639,7.1615181,.68277395,6.2875676,8.0354691,6.4614077,.95957577,5.2331505,7.6896648,5.721323,1.2134472,4.1681104,7.2745357,10,0,10,10,,,,,6.7753344,1.0164948,5.4742212,8.0764475,,,,,,,,,5.6207256,.94888443,4.4061537,6.8352976,,,,
Nauru,2018,NRU2018,NRU,520,970,27,8.2235165,.62849987,7.4190369,9.0279961,7.0604658,.9419772,5.8547349,8.2661963,4.1313815,1.1493068,2.6602688,5.6024942,7.4252915,.77886063,6.42835,8.4222336,10,0,10,10,3.6587589,.77098829,2.6718938,4.6456237,5.8588309,.57063454,5.1284189,6.5892429,4.6579895,1.2656685,3.0379338,6.2780452,,,,,6.8894386,.93537462,5.6921592,8.0867186,4.5450177,.90637559,3.3848569,5.7051783
Nauru,2019,NRU2019,NRU,520,970,27,8.6187601,.43700898,8.0593882,9.1781321,7.6524982,.57381761,6.9180117,8.3869848,5.3802271,1.0790619,3.999028,6.7614264,7.2093534,.60937393,6.4293547,7.9893522,10,0,10,10,3.5775163,.78683394,2.5703688,4.5846639,6.1708431,.53046209,5.4918518,6.8498344,4.2774825,1.0726111,2.9045403,5.6504245,,,,,6.9668522,.77109045,5.9798565,7.9538479,4.2004318,.80642354,3.1682098,5.2326541
New Caledonia,2018,NCL2018,NCL,540,,28,9.75,.64269686,8.9273481,10.572652,8.3670483,.60387784,7.5940847,9.1400118,8.0461626,.50397003,7.4010811,8.6912441,6.4583392,.58540094,5.7090259,7.2076526,10,0,10,10,5.711206,.53929073,5.0209136,6.4014983,6.6821365,.61440748,5.8956947,7.4685783,8.5942745,.45473313,8.0122166,9.1763325,,,,,8.620574,.8114832,7.5818753,9.6592722,6.9887486,.68997318,6.1055827,7.8719144
New Caledonia,2019,NCL2019,NCL,540,,28,9.141386,.34071746,8.7052679,9.5775042,8.2455616,.31811467,7.8383746,8.6527481,8.0492601,.27553728,7.6965723,8.401948,7.6711259,.28379044,7.3078742,8.0343781,10,0,10,10,6.906723,.35455081,6.452898,7.360548,7.6769452,.35462978,7.2230191,8.1308718,8.2517519,.22294027,7.9663882,8.5371151,,,,,8.2784538,.74730623,7.3219018,9.2350054,7.6717625,.66939533,6.8149366,8.5285883
New Caledonia,2020,NCL2020,NCL,540,,28,8.6666622,.26233307,8.3308764,9.0024481,8.3095894,.26308113,7.9728456,8.6463337,8.095232,.31540522,7.6915135,8.498951,7.9264479,.25746313,7.5968952,8.2560005,10,0,10,10,7.426765,.45598456,6.8431048,8.0104256,7.8131757,.32321543,7.3994598,8.2268915,7.9411936,.22711691,7.6504841,8.2319031,,,,,8.1053305,.7625137,7.129313,9.0813484,7.7399883,.68548852,6.8625631,8.6174135
New Caledonia,2021,NCL2021,NCL,540,,28,8.5348711,.39638576,8.0274973,9.0422449,8.5315876,.38643241,8.0369539,9.0262213,8.3589211,.45021367,7.7826476,8.935195,8.1490126,.43439493,7.5929871,8.7050381,10,0,10,10,7.8223109,.6512962,6.9886518,8.6559696,6.9960237,.59046459,6.2402291,7.7518182,7.4725237,.45340925,6.8921599,8.0528879,,,,,8.2725668,.76725286,7.290483,9.2546501,7.5085239,.68025863,6.6377931,8.3792553
New Caledonia,2022,NCL2022,NCL,540,,28,8.6838179,.79115582,7.6711383,9.696497,8.6791525,.81225282,7.6394687,9.7188358,8.5261536,.68422353,7.6503472,9.4019594,7.6346231,.8222087,6.5821958,8.6870499,10,0,10,10,6.463788,1.3820524,4.6947608,8.2328148,6.9564648,1.1512603,5.4828515,8.4300776,7.0723505,1.0813026,5.688283,8.456418,,,,,8.1294775,.87505746,7.0094042,9.2495508,6.7993684,.9096716,5.6349888,7.963748
Niue,2018,NIU2018,NIU,570,,29,9.2397003,.76048279,8.2662821,10.213119,8.4208708,.48368353,7.8017559,9.0399857,7.9778323,1.4600265,6.1089983,9.8466663,7.5319467,1.2659906,5.9114785,9.1524143,10,0,10,10,7.573154,1.2184426,6.0135474,9.13276,7.7512798,.58772218,6.9989953,8.5035639,9.1284227,.6506564,8.2955828,9.9612627,,,,,8.3181744,.81804413,7.2710781,9.3652706,8.1881161,1.1670741,6.6942611,9.6819706
Niue,2019,NIU2019,NIU,570,,29,9.3297472,.47146109,8.7262774,9.933217,8.8194523,.39813703,8.3098373,9.3290672,8.7632093,.80487043,7.732975,9.7934437,8.3823767,.75230807,7.4194221,9.3453312,10,0,10,10,7.9451714,.66996175,7.0876203,8.802722,7.4070654,.49974054,6.7673974,8.0467329,8.8434324,.40884417,8.3201122,9.3667526,,,,,8.773674,.8807199,7.6463528,9.9009953,8.4204998,.74657655,7.4648819,9.3761177
Niue,2020,NIU2020,NIU,570,,29,8.9889975,.44585654,8.4183006,9.5596943,9.1175375,.47751752,8.5063152,9.7287598,8.8097801,.54221761,8.1157417,9.5038185,8.7947493,.48629913,8.172286,9.4172125,10,0,10,10,8.0277596,.60700071,7.2507987,8.8047209,7.1504655,.76000959,6.1776533,8.1232777,8.1960821,.49334764,7.5645971,8.8275671,,,,,8.7493219,.77189994,7.7612901,9.7373543,7.7995167,.7482788,6.8417196,8.7573137
Northern Mariana Islands,2018,MNP2018,MNP,580,,30,,,,,,,,,,,,,,,,,10,0,10,10,7.3860698,.87550867,6.2654185,8.5067205,7.4135289,.91852075,6.2378225,8.5892353,8.0045834,.86920005,6.8920074,9.1171598,,,,,,,,,7.6210876,.78469521,6.6166778,8.6254978
Northern Mariana Islands,2019,MNP2019,MNP,580,,30,7.5552001,1.0152117,6.2557292,8.8546715,8.0830116,.69093704,7.1986122,8.967411,7.3835354,.93025565,6.1928082,8.5742626,6.7650042,.45172217,6.1868,7.3432083,10,0,10,10,6.3478026,.78336024,5.3451014,7.3505039,7.4563503,.46717396,6.8583674,8.0543327,7.7079988,.66814637,6.8527713,8.5632257,,,,,6.6547031,1.1173581,5.2244849,8.0849218,7.1860466,.78204,6.1850352,8.1870575
Northern Mariana Islands,2020,MNP2020,MNP,580,,30,7.6774821,1.3023326,6.0104961,9.3444681,8.0946674,1.0334448,6.7718582,9.4174767,6.7793598,1.3554137,5.0444303,8.5142889,6.9938669,.80706716,5.9608212,8.0269127,10,0,10,10,4.7370777,.919379,3.5602727,5.9138827,7.3200517,.62993264,6.5137377,8.1263657,6.4928761,.96783489,5.2540474,7.7317047,,,,,7.4077458,1.1068975,5.9909172,8.8245745,6.1241093,.80960262,5.0878181,7.1604004
Samoa,2018,WSM2018,WSM,882,990,31,7.3912449,.84094888,6.3148303,8.467659,8.452363,.88682741,7.317224,9.5875025,6.0066142,1.49274,4.0959067,7.9173217,6.754004,.63773799,5.9376993,7.5703087,10,0,10,10,5.2946815,.75284511,4.3310399,6.2583232,7.3172364,1.3230346,5.6237521,9.0107212,7.276206,.71916825,6.3556705,8.1967411,,,,,7.3746552,1.1128609,5.9501934,8.7991171,6.5775857,.89488631,5.4321313,7.7230401
Samoa,2019,WSM2019,WSM,882,990,31,8.7291908,.39604837,8.222249,9.2361326,8.6014137,.36832425,8.1299591,9.0728683,8.4103556,.75077027,7.4493694,9.3713417,7.246305,.40589556,6.7267585,7.7658515,10,0,10,10,6.0671329,.55930239,5.3512259,6.78304,7.4633727,.63968629,6.6445742,8.2821712,7.9878998,.3550593,7.5334239,8.4423761,,,,,8.2536068,.74832278,7.2957535,9.2114601,7.1945534,.78477699,6.1900387,8.1990681
Samoa,2020,WSM2020,WSM,882,990,31,8.9723101,.27842176,8.6159306,9.3286896,8.6436853,.27485159,8.2918749,8.9954958,8.7083244,.38923827,8.2100992,9.2065496,7.5004296,.35994625,7.0396986,7.9611607,10,0,10,10,6.0772982,.49780974,5.4401016,6.7144947,6.4250069,.62976182,5.6189117,7.231102,8.0023451,.48458469,7.3820767,8.6226139,,,,,8.3924913,.75335437,7.4281979,9.3567848,6.8403387,.75155532,5.8783479,7.8023295
Samoa,2021,WSM2021,WSM,882,990,31,8.5490456,.44107363,7.9844713,9.1136198,8.5017529,.5057866,7.8543458,9.1491594,8.2748413,.57238829,7.5421844,9.0074987,7.5057268,.59401721,6.7453847,8.2660685,10,0,10,10,5.7891231,.55165279,5.0830073,6.4952388,6.6098404,.89882261,5.4593472,7.7603335,5.8781757,.85861206,4.7791524,6.9771991,,,,,8.0257759,.84879482,6.9393187,9.1122332,5.971837,.94539893,4.7617264,7.1819477
Samoa,2022,WSM2022,WSM,882,990,31,7.7665434,.85783672,6.6685123,8.8645744,8.394743,.76225418,7.4190578,9.3704281,8.0515947,.81315374,7.0107579,9.0924311,7.3039975,.90593189,6.1444049,8.4635906,10,0,10,10,7.2311831,.78041238,6.232255,8.2301111,8.0254984,.88677812,6.8904223,9.160574,7.7958274,1.0044476,6.5101347,9.0815201,,,,,7.2259164,1.1125144,5.801898,8.6499348,8.1329908,.98700386,6.869626,9.3963556
Solomon Islands,2018,SLB2018,SLB,90,940,32,8.705802,1.4671426,6.8278594,10.583744,,,,,7.1256042,.95621866,5.9016442,8.3495636,7.0227089,.98490638,5.7620287,8.2833891,10,0,10,10,4.4128909,.89664364,3.265187,5.5605946,,,,,,,,,,,,,7.3490224,1.6664292,5.2159929,9.4820518,,,,
Solomon Islands,2019,SLB2019,SLB,90,940,32,8.7442989,1.0921215,7.3463836,10.142215,7.2419276,1.3489492,5.5152726,8.9685822,5.3836131,1.126803,3.9413052,6.8259211,6.1655316,1.2125553,4.613461,7.7176023,10,0,10,10,3.6793594,.84004921,2.6040964,4.7546225,6.3362761,1.1261362,4.8948216,7.7777305,,,,,,,,,7.2665257,1.0452034,5.9286652,8.6043863,,,,
Solomon Islands,2020,SLB2020,SLB,90,940,32,9.0144577,.73760003,8.0703297,9.9585857,7.2709637,1.6876032,5.1108317,9.4310961,8.3529987,1.1255211,6.9123316,9.7936659,6.5669498,1.3679631,4.8159571,8.3179426,10,0,10,10,2.5532205,.83561426,1.4836342,3.6228068,5.4313483,1.2335672,3.8523822,7.0103145,2.3215253,.99904513,1.0427476,3.6003032,,,,,7.668612,1.1180305,6.2375331,9.0996914,2.490278,.89338535,1.3467448,3.6338112
Solomon Islands,2021,SLB2021,SLB,90,940,32,9.152462,.54121017,8.459713,9.845211,9.4070463,.67558402,8.5422983,10.271794,7.9123721,.71453065,6.9977727,8.8269711,8.1834183,.62778491,7.3798537,8.9869833,10,0,10,10,5.8225093,1.4804738,3.9275029,7.7175155,5.2811446,1.2176763,3.7225189,6.8397703,3.1004629,.90486687,1.9422333,4.2586927,,,,,8.8184366,.91289634,7.6499295,9.9869442,4.1969137,1.0077142,2.9070396,5.4867878
Tonga,2018,TON2018,TON,776,955,34,7.4372258,1.0078599,6.1471653,8.7272863,7.6557412,.80292022,6.6280031,8.6834793,6.6932859,1.0441418,5.3567843,8.0297871,5.9047551,.63587987,5.0908289,6.7186813,10,0,10,10,6.8946385,.61725014,6.1045585,7.6847186,6.931468,.5848828,6.1828179,7.6801181,7.4441648,.59321523,6.6848493,8.2034798,,,,,6.8661346,.84555036,5.7838302,7.9484391,6.9201388,.71659273,6.0029001,7.8373775
Tonga,2019,TON2019,TON,776,955,34,7.5379596,.99882251,6.2594666,8.816452,7.8684802,.64626801,7.0412574,8.6957035,6.9794631,.78918606,5.969305,7.9896212,6.6342607,.46890467,6.0340629,7.2344584,10,0,10,10,7.1392016,.37934533,6.6536398,7.6247635,7.485137,.46148258,6.8944392,8.0758343,7.5385613,.52972865,6.8605084,8.2166138,,,,,6.9713488,1.0251318,5.6591802,8.2835178,7.4596229,.69190079,6.5739899,8.3452559
Tonga,2020,TON2020,TON,776,955,34,8.4805498,.30607361,8.0887756,8.872324,8.3758059,.27991599,8.0175133,8.7340984,7.9633565,.32269731,7.5503039,8.3764095,7.2726583,.3352071,6.8435931,7.7017236,10,0,10,10,7.3014736,.3756339,6.820662,7.7822852,8.2349072,.35527527,7.7801547,8.6896591,7.8643241,.39517403,7.3585014,8.3701468,,,,,7.8151903,.7452383,6.8612852,8.7690954,7.762814,.69028932,6.8792439,8.6463842
Tonga,2021,TON2021,TON,776,955,34,8.3570175,.19935758,8.10184,8.612195,8.3443613,.2119839,8.0730219,8.6157007,8.141923,.2411778,7.8332152,8.4506302,7.1817164,.32143751,6.7702765,7.5931563,10,0,10,10,7.410718,.35372773,6.9579463,7.8634896,8.1032,.35619277,7.6472731,8.5591269,8.0052824,.40152276,7.4913335,8.5192318,,,,,7.8293872,.71863925,6.9095287,8.7492456,7.9181929,.67908108,7.0489693,8.7874165
Tonga,2022,TON2022,TON,776,955,34,8.155407,.29455507,7.7783766,8.5324373,7.9596081,.37113085,7.4845605,8.4346552,8.03335,.30221754,7.6465116,8.4201889,7.2439508,.42165008,6.7042389,7.7836628,10,0,10,10,8.0130196,.51972771,7.3477683,8.6782713,7.900743,.50028366,7.2603798,8.5411062,6.9915762,.89555836,5.8452616,8.1378908,9.3499479,1.0579331,7.9957933,10.704103,7.670752,.7367208,6.7277493,8.6137543,7.6197166,.78646857,6.6130371,8.6263962
Tonga,2023,TON2023,TON,776,955,34,,,,,,,,,,,,,,,,,10,0,10,10,,,,,,,,,,,,,9.3590164,1.0191936,8.0544481,10.663585,,,,,,,,
Tuvalu,2019,TUV2019,TUV,798,947,35,,,,,,,,,,,,,,,,,10,0,10,10,7.984633,.9997192,6.7049923,9.2642736,,,,,,,,,,,,,,,,,,,,
Tuvalu,2020,TUV2020,TUV,798,947,35,8.769968,.80604607,7.7382293,9.8017073,8.4310741,.78117108,7.4311752,9.4309731,8.7233238,.89435524,7.5785489,9.8680983,7.3759661,1.0900193,5.9807415,8.7711906,10,0,10,10,6.7945628,.93490034,5.5978904,7.9912353,7.5899816,1.1945355,6.060976,9.1189871,8.2920389,.71318305,7.3791647,9.2049131,,,,,8.2586088,.80630296,7.226541,9.2906771,7.2956691,.83139586,6.2314825,8.3598557
Tuvalu,2021,TUV2021,TUV,798,947,35,8.5803823,.93995529,7.3772397,9.7835255,8.5872993,.94477212,7.3779912,9.796608,8.6138926,.95563799,7.390676,9.8371096,8.6914997,1.0057886,7.4040904,9.9789095,10,0,10,10,6.8748331,.88363409,5.7437816,8.0058851,8.1638212,.94538164,6.9537325,9.37391,8.3141088,.93240714,7.1206279,9.5075903,,,,,8.3703489,1.2688525,6.7462177,9.9944801,7.8899679,.87433225,6.7708225,9.0091133
Vanuatu,2019,VUT2019,VUT,548,935,36,8.8240309,.80773288,7.790133,9.8579292,7.6440678,.95053715,6.4273801,8.860755,7.0466671,1.1280929,5.6027083,8.4906263,7.1744456,.52254146,6.5055923,7.8432989,10,0,10,10,5.506381,1.1343068,4.0544682,6.9582939,7.1035838,.83641112,6.0329776,8.1741905,,,,,,,,,7.2899213,.93783218,6.0894961,8.4903469,,,,
Vanuatu,2020,VUT2020,VUT,548,935,36,7.9729843,.58529454,7.2238073,8.7221613,7.4800024,.54159194,6.7867646,8.1732397,7.4894524,.54687858,6.7894478,8.1894569,5.6537261,.51565003,4.9936938,6.3137584,10,0,10,10,6.1573019,1.0852592,4.7681704,7.5464334,6.0325336,1.31981,4.3431768,7.7218904,,,,,,,,,6.9715824,.86340475,5.8664246,8.0767403,,,,
Vanuatu,2021,VUT2021,VUT,548,935,36,7.7256193,.6857211,6.8478961,8.6033421,7.6634674,.75700104,6.6945062,8.6324291,7.3393931,.73246002,6.4018445,8.2769423,6.2815375,.7562651,5.313518,7.249557,10,0,10,10,,,,,,,,,,,,,,,,,6.9729896,.79912925,5.9501042,7.9958749,,,,
Vanuatu,2022,VUT2022,VUT,548,935,36,8.4790792,.54814208,7.7774572,9.1807013,8.441987,.58155423,7.6975975,9.1863766,7.7559948,.72258288,6.8310885,8.6809006,5.2212501,1.0322703,3.8999441,6.5425563,10,0,10,10,3.9476511,1.1501542,2.4754536,5.4198484,4.3372545,1.5601637,2.340245,6.3342643,5.1838346,1.3763833,3.4220638,6.9456053,,,,,7.7725554,.84854633,6.6864161,8.858695,3.9234092,.98079467,2.6679921,5.1788263
Vanuatu,2023,VUT2023,VUT,548,935,36,8.3550253,.59367985,7.5951152,9.1149359,8.3296661,.62684846,7.5272999,9.1320324,8.0888662,.76357383,7.1114917,9.0662403,4.8740802,1.2192836,3.3133972,6.434763,10,0,10,10,,,,,,,,,,,,,,,,,7.5503349,.89217961,6.4083452,8.6923246,,,,
PNG,2018,PNG2018,PNG,598,910,39,6.5976152,.92090577,5.4188557,7.7763748,6.2857585,.44848704,5.7116952,6.8598218,6.3739028,.60058236,5.6051574,7.1426482,4.8668694,.50050336,4.2262254,5.5075135,10,0,10,10,6.2212672,.47812575,5.6092663,6.8332682,6.0947514,.5957213,5.3322282,6.8572745,6.7604494,.49015805,6.1330471,7.3878517,,,,,5.423254,.88871008,4.2857051,6.5608029,6.3778949,.69318914,5.490613,7.2651768
PNG,2019,PNG2019,PNG,598,910,39,6.6532402,.52697492,5.9787121,7.3277683,6.5557866,.42780575,6.0081954,7.1033778,5.989789,.5393973,5.2993603,6.6802177,5.1510673,.31029025,4.7538958,5.5482388,10,0,10,10,6.1213222,.37704575,5.6387038,6.6039405,6.5766864,.41164657,6.0497789,7.1035938,7.3691168,.35195181,6.9186187,7.8196149,,,,,5.5509315,.94882607,4.3364339,6.765429,6.6860132,.66500604,5.8348055,7.537221
PNG,2020,PNG2020,PNG,598,910,39,7.271224,.53835303,6.5821323,7.9603157,7.1179752,.55409163,6.4087381,7.8272123,5.8884478,.71660018,4.9711995,6.805696,4.5502853,.38924509,4.0520515,5.0485191,10,0,10,10,5.997714,.43145385,5.4454532,6.5499749,6.8415565,.38718101,6.3459649,7.3371482,6.8375597,.43325466,6.2829938,7.3921256,,,,,6.1610904,.77388853,5.1705132,7.1516676,6.3931966,.67110223,5.5341859,7.2522073
PNG,2021,PNG2021,PNG,598,910,39,7.6573753,.61677223,6.867907,8.4468441,6.0406494,.73087829,5.1051254,6.9761734,6.7191472,.68918633,5.8369889,7.6013055,4.6243753,.53122604,3.944406,5.3043447,10,0,10,10,5.6791639,.59827167,4.9133763,6.4449515,6.3283887,.57470363,5.5927682,7.0640092,6.4139652,.42262068,5.8730106,6.9549198,,,,,6.0668936,.83097696,5.003243,7.1305442,5.9730883,.68070614,5.1017842,6.8443923
PNG,2022,PNG2022,PNG,598,910,39,7.6392045,.39225647,7.1371164,8.1412926,5.8720975,.61457157,5.0854459,6.6587491,6.2468548,.74849689,5.2887788,7.2049308,4.6865535,.46243683,4.0946345,5.2784724,10,0,10,10,6.6724415,.79204404,5.6586251,7.6862578,5.554553,.7847932,4.5500178,6.5590882,4.9490709,.65176845,4.1148071,5.7833347,9.525528,1.9346125,7.0492239,12.001832,5.7556996,.83602977,4.6855817,6.8258176,5.6712866,.75657159,4.7028751,6.639698
PNG,2023,PNG2023,PNG,598,910,39,7.2562504,.66377771,6.4066148,8.1058855,5.7816343,1.0463734,4.4422765,7.1209922,6.3535132,1.0192828,5.0488315,7.658195,4.8489065,.68704373,3.9694905,5.7283225,10,0,10,10,6.6873417,.80684799,5.6545763,7.7201071,5.3150439,1.0432969,3.9796238,6.6504641,5.7796202,.94389862,4.5714297,6.9878106,9.5208197,1.8383138,7.167778,11.873861,5.7477636,.87841576,4.6233916,6.8721356,6.1993566,.85702443,5.1023655,7.2963476
Hong Kong,2019,HKG2019,HKG,344,,40,7.8940091,.48016009,7.2794042,8.5086136,8.7304106,.37307614,8.2528734,9.2079477,3.4321578,.73974508,2.4852841,4.3790317,5.0329657,.47764331,4.4215822,5.6443491,10,0,10,10,4.3077068,.30011392,3.9235611,4.6918526,3.7505884,.28532821,3.3853683,4.1158085,4.1943436,.29067785,3.8222759,4.566411,,,,,6.743134,.76463455,5.7644019,7.7218661,3.7748232,.6915704,2.8896132,4.6600332
Hong Kong,2020,HKG2020,HKG,344,,40,7.5609727,.30593023,7.1693821,7.9525633,8.3013954,.24717146,7.9850159,8.617775,3.9095678,.25656193,3.5811687,4.237967,5.6171527,.26114279,5.2828898,5.9514155,10,0,10,10,3.1251659,.20776649,2.8592248,3.3911071,2.7794809,.19426335,2.5308239,3.0281379,2.9371181,.17618343,2.7116032,3.1626329,,,,,6.7538238,.74065906,5.8057799,7.7018676,2.508811,.65357482,1.6722353,3.3453867
Hong Kong,2021,HKG2021,HKG,344,,40,7.5442581,.25552663,7.2171841,7.8713322,8.3298254,.20430432,8.0683155,8.5913353,4.4061337,.24454421,4.0931172,4.7191501,6.1922255,.24579944,5.8776021,6.5068488,10,0,10,10,2.7992423,.17235053,2.5786335,3.019851,2.5548239,.18395998,2.319355,2.7902927,2.3985345,.16787902,2.1836493,2.6134198,7.4308443,.50543237,6.7838907,8.0777979,6.7638803,.73081905,5.8284321,7.6993284,2.1927021,.64612544,1.3656615,3.0197427
Hong Kong,2022,HKG2022,HKG,344,,40,7.4850311,.23656377,7.1822295,7.7878327,8.0982876,.21553567,7.822402,8.3741732,5.0350332,.30904675,4.6394534,5.430613,6.0174184,.32632267,5.5997252,6.4351115,10,0,10,10,3.0019791,.19284236,2.7551408,3.2488174,2.5685108,.21109971,2.2983031,2.8387184,2.4472766,.20188184,2.1888678,2.7056854,7.3363566,.36327267,6.8713675,7.8013458,6.5620694,.69794118,5.6687045,7.4554343,2.4668994,.64810812,1.637321,3.2964778
Hong Kong,2023,HKG2023,HKG,344,,40,7.2240901,.4035064,6.707602,7.7405782,7.7566319,.34927869,7.3095551,8.2037086,4.6813283,.47144812,4.0778747,5.2847819,5.1425672,.47487384,4.5347285,5.7504058,10,0,10,10,2.9697218,.41607031,2.4371519,3.5022917,2.2481091,.43177077,1.6954426,2.8007758,2.2681415,.34501714,1.8265196,2.7097635,6.8654957,.53418767,6.1817355,7.5492558,6.2892923,.78213829,5.2881556,7.2904291,2.1579492,.72336608,1.2320406,3.0838578
Malaysia,2019,MYS2019,MYS,458,820,41,7.8718562,.38068092,7.3845844,8.359128,7.021853,.32794529,6.6020832,7.4416227,6.1072607,.4518995,5.5288296,6.6856918,5.1555314,.3256698,4.7386742,5.5723886,10,0,10,10,5.140502,.48767161,4.5162821,5.7647219,6.2796373,.42442197,5.7363772,6.8228974,5.9733386,.454171,5.3919997,6.5546775,,,,,6.5350738,.7648139,5.5561118,7.5140357,5.6728368,.70221883,4.7739968,6.5716767
Malaysia,2020,MYS2020,MYS,458,820,41,8.4306755,.30429909,8.041173,8.820178,7.3219323,.27920112,6.9645548,7.6793098,5.8210931,.38516638,5.3280802,6.314106,5.1550083,.2923744,4.7807689,5.5292478,10,0,10,10,3.8114145,.20798977,3.5451875,4.0776415,4.6231961,.56756085,3.8967183,5.3496742,3.833163,.2895138,3.4625854,4.2037406,,,,,6.7776194,.75070125,5.8167219,7.7385168,3.7731631,.67091095,2.914397,4.6319289
Malaysia,2021,MYS2021,MYS,458,820,41,8.2873535,.2899726,7.9161887,8.6585188,7.4169807,.3921738,6.9149981,7.9189634,6.0802298,.37909579,5.5949869,6.5654726,5.3459001,.31138241,4.9473305,5.7444696,10,0,10,10,3.748878,.31174797,3.3498406,4.1479154,5.7800031,.38765314,5.2838073,6.2761989,3.7264345,.34536728,3.2843645,4.1685047,,,,,6.9185843,.76482606,5.9396071,7.8975616,4.0888629,.69663507,3.19717,4.980556
Malaysia,2022,MYS2022,MYS,458,820,41,7.9395666,.2811304,7.5797195,8.2994137,7.4955182,.4140493,6.9655352,8.0255013,5.964139,.34500125,5.5225372,6.4057407,5.4809761,.25004417,5.1609197,5.8010325,10,0,10,10,3.8820062,.23014531,3.5874202,4.1765924,6.4121809,.32063699,6.0017657,6.8225961,4.033124,.28180015,3.6724198,4.3938284,4.9550633,.98362601,3.696022,6.2141047,6.7761431,.74460572,5.8230476,7.7292385,4.3831134,.65052032,3.5504475,5.2157793
Malaysia,2023,MYS2023,MYS,458,820,41,6.9786482,.5602929,6.2614732,7.6958232,6.7984052,.87817615,5.6743398,7.9224706,5.2478175,.62845796,4.4433913,6.0522437,5.6208959,.52177513,4.9530239,6.2887678,10,0,10,10,3.999243,.42806599,3.4513185,4.5471673,6.8454814,.63504207,6.0326276,7.6583352,4.2749424,.44009626,3.7116191,4.8382654,4.7107091,.93015265,3.5201137,5.9013047,5.8091445,.77814788,4.8131151,6.8051739,4.7756691,.68766493,3.895458,5.65588
Taiwan,2019,TWN2019,TWN,,713,42,9.2266169,.22910352,8.9333639,9.5198698,8.3134975,.19473346,8.0642385,8.5627565,7.6588712,.25685641,7.3300948,7.9876475,7.1669121,.21066108,6.8972659,7.4365582,10,0,10,10,6.9282665,.18875238,6.6866636,7.1698694,7.1783619,.18946798,6.935843,7.4208808,7.2259011,.20328018,6.9657025,7.4860997,,,,,8.2686157,.74664873,7.3129053,9.2243261,7.072268,.66212058,6.2247539,7.9197822
Taiwan,2020,TWN2020,TWN,,713,42,8.8361664,.14050709,8.6563177,9.0160151,8.4636326,.13002618,8.2971992,8.6300659,8.0110683,.15927461,7.8071966,8.2149401,6.9894891,.16282941,6.7810674,7.1979108,8.1744137,.082507528,8.0688038,8.2800236,6.8344402,.15741952,6.6329432,7.0359373,7.2354326,.14943554,7.0441551,7.4267101,7.0617995,.1529244,6.8660564,7.2575426,,,,,7.9436455,.71293825,7.0310845,8.8562069,6.9885116,.65236998,6.1534781,7.823545
Taiwan,2021,TWN2021,TWN,,713,42,8.6535959,.11955078,8.5005713,8.8066206,8.6653938,.12140793,8.5099916,8.820796,8.1740379,.14042068,7.9942994,8.353776,6.8559341,.16829419,6.6405177,7.0713506,10,0,10,10,7.0178857,.20114399,6.7604213,7.2753501,7.0038133,.18992952,6.7607036,7.246923,6.7698226,.19643822,6.5183816,7.0212636,8.9464025,.34065741,8.5103607,9.3824444,8.0472641,.71033424,7.1380363,8.9564915,6.9930716,.63552231,6.1796031,7.80654
Taiwan,2022,TWN2022,TWN,,713,42,8.6278515,.13983406,8.448864,8.806839,8.6078167,.14668134,8.4200649,8.7955685,8.0254107,.19131987,7.7805214,8.2702999,7.0426731,.20036635,6.7862043,7.2991419,10,0,10,10,7.5941458,.22341967,7.3081684,7.8801231,6.4003649,.26098037,6.0663099,6.7344198,6.9707704,.19957793,6.7153106,7.2262301,9.193469,.29297045,8.8184671,9.568471,8.0695381,.71318489,7.1566615,8.9824152,7.0692463,.6410594,6.2486901,7.8898025
Taiwan,2023,TWN2023,TWN,,713,42,8.4007311,.25566521,8.0734797,8.7279825,8.4033947,.26606432,8.0628328,8.7439566,7.8221312,.3735331,7.3440089,8.3002539,7.0726004,.34620163,6.6294622,7.5157385,10,0,10,10,7.6211934,.39887837,7.1106291,8.1317577,6.6390567,.50593567,5.9914589,7.2866545,7.0160241,.40942201,6.4919639,7.5400844,9.2364483,.5903396,8.480814,9.9920826,7.6945415,.71360081,6.7811322,8.6079502,7.2470956,.72697544,6.3165669,8.1776237
China,2020,CHN2020,CHN,156,710,43,4.1589794,.17369664,3.9366477,4.3813109,6.0451002,.18110481,5.8132858,6.2769146,3.7922804,.15559056,3.5931246,3.9914362,3.5655377,.17135666,3.3462012,3.7848742,2.2657692,.44530845,1.6957744,2.8357642,2.3589411,.12683073,2.1965978,2.5212843,1.9651828,.14717904,1.7767936,2.1535718,1.9603493,.14690591,1.7723098,2.1483889,,,,,2.8713446,.71866679,1.9514511,3.7912381,1.6134002,.66039103,.76809973,2.4587007
China,2021,CHN2021,CHN,156,710,43,4.2320509,.13394815,4.0605974,4.4035044,6.0857544,.14064607,5.9057274,6.2657814,3.8800848,.13518515,3.7070477,4.0531216,3.5973554,.12864524,3.4326894,3.7620213,2.257798,.35561574,1.8026098,2.712986,2.3129656,.10839352,2.174222,2.4517093,1.954692,.12710308,1.7920001,2.117384,1.8374035,.10497425,1.7030365,1.9717705,2.250649,.17500411,2.0266438,2.4746542,2.9498396,.71552408,2.0339687,3.8657105,1.5161716,.64440548,.69133258,2.3410106
China,2022,CHN2022,CHN,156,710,43,4.2432027,.17835885,4.0149035,4.4715018,5.9117241,.19516934,5.6619072,6.161541,3.7841139,.15490273,3.5858383,3.9823895,3.5628726,.15311304,3.366888,3.7588573,1.6406921,.45732707,1.0553135,2.2260709,2.3627582,.12143882,2.2073164,2.5181999,2.1617007,.19105947,1.9171447,2.4062569,1.8951588,.13996987,1.7159973,2.0743203,2.4391472,.12954471,2.27333,2.6049645,2.7924562,.72292316,1.8671145,3.7177978,1.6276101,.64609742,.80060542,2.4546149
China,2023,CHN2023,CHN,156,710,43,4.3334947,.2759831,3.9802363,4.6867528,5.6680107,.29020649,5.2965465,6.039475,3.8167508,.21690881,3.5391076,4.0943942,3.629143,.20597173,3.3654993,3.8927867,1.0000002,.67532736,.13558121,1.8644192,2.4152122,.19150826,2.1700816,2.6603427,2.7697606,.40142661,2.2559345,3.2835867,2.2737904,.27790534,1.9180715,2.6295092,2.5471635,.18182208,2.3144312,2.7798958,2.6438119,.74268198,1.693179,3.594445,1.9139695,.65396106,1.0768994,2.7510397
India,2020,IND2020,IND,356,750,44,6.1690454,.48986629,5.5420165,6.7960744,5.5229397,.45344329,4.9425321,6.1033473,4.0015182,.44415626,3.4329982,4.5700383,4.2871332,.52069569,3.6206427,4.9536238,7.7119455,.32037786,7.3018618,8.1220293,3.3453674,.20882176,3.0780756,3.6126592,6.3674397,.54859507,5.6652379,7.0696416,3.0509322,.21566227,2.7748845,3.3269799,,,,,4.2061234,.82515103,3.14993,5.2623167,3.6988182,.67354643,2.8366787,4.5609574
India,2021,IND2021,IND,356,750,44,6.2934179,.26655141,5.9522324,6.6346035,5.7925372,.3141824,5.3903837,6.1946907,4.5834136,.23937774,4.27701,4.8898172,4.3897128,.31314039,3.988893,4.7905326,10,0,10,10,3.5561953,.16824466,3.340842,3.7715485,5.9717507,.3350929,5.5428319,6.4006696,3.5817595,.15525021,3.3830392,3.7804797,3.4299548,.26629516,3.089097,3.7708125,4.7911849,.72315812,3.8655424,5.7168274,3.9090741,.65345889,3.0726466,4.7455015
India,2022,IND2022,IND,356,750,44,5.8876781,.21487843,5.6126337,6.1627226,4.8928609,.2306142,4.5976748,5.1880469,3.9037385,.1665747,3.6905229,4.1169543,4.0279546,.19762798,3.7749908,4.2809186,10,0,10,10,3.4110365,.14058267,3.2310908,3.5909822,5.2100644,.2617023,4.8750854,5.5450435,3.6105587,.13790101,3.4340456,3.7870719,3.4032221,.15725707,3.2019331,3.604511,3.9701507,.7138018,3.0564845,4.8838172,3.5833399,.64503801,2.7576914,4.4089885
India,2023,IND2023,IND,356,750,44,5.638411,.27384105,5.2878947,5.9889274,4.6088471,.21802257,4.3297782,4.8879161,3.7870958,.19274889,3.5403771,4.0338144,3.8910568,.23430069,3.591152,4.1909618,10,0,10,10,3.2409549,.20303264,2.9810731,3.5008366,4.3295956,.28043443,3.9706395,4.6885514,3.2315097,.19023809,2.9880049,3.4750144,3.2984006,.21737437,3.0201614,3.5766399,3.8376062,.73684299,2.8944471,4.7807651,3.1604149,.65786284,2.3183506,4.0024796
Bangladesh,2021,BGD2021,BGD,50,771,45,4.5272713,.42048442,3.9890511,5.0654912,4.5821295,.42683893,4.0357757,5.1284833,3.9839566,.41793928,3.4489944,4.518919,4.2036119,.46911216,3.6031482,4.8040752,6.3262353,.80512637,5.2956734,7.3567972,3.4851227,.37377861,3.006686,3.9635594,3.7162645,.31249049,3.3162766,4.1162524,4.5301862,.46442139,3.9357269,5.1246457,5.5103164,.74995303,4.5503764,6.4702563,2.7739329,.72941536,1.8402812,3.7075846,3.6505179,.6732884,2.7887087,4.5123272
Bangladesh,2022,BGD2022,BGD,50,771,45,5.1043229,.26678577,4.7628369,5.4458089,5.3464866,.24862292,5.0282493,5.6647239,3.8659644,.23551732,3.5645022,4.1674266,4.298573,.25116926,3.9770763,4.6200695,6.2451239,.33047444,5.8221164,6.6681314,3.4297948,.17816383,3.201745,3.6578445,3.8077457,.26281717,3.4713397,4.1441517,3.7573125,.22829711,3.4650922,4.0495329,5.9535933,.47506866,5.3455052,6.5616813,3.4113131,.72422409,2.4843063,4.3383198,3.4205568,.64945638,2.5892527,4.2518611
Bangladesh,2023,BGD2023,BGD,50,771,45,5.3549933,.46509507,4.7596717,5.950315,5.5703068,.31902188,5.1619587,5.9786549,3.1034756,.35037792,2.6549919,3.5519593,4.0985136,.3110511,3.7003682,4.4966588,5.7118039,.61634845,4.9228778,6.50073,3.381809,.29393438,3.005573,3.758045,3.1540954,.36695069,2.6843984,3.6237924,3.5095356,.28941515,3.1390841,3.879987,5.5567117,.73171216,4.62012,6.4933033,3.8092124,.74003273,2.8619707,4.7564545,2.9806325,.66684991,2.1270647,3.8342004
Maldives,2021,MDV2021,MDV,462,781,46,8.1236439,.43270576,7.5697803,8.6775074,7.8115892,.50543463,7.1646328,8.4585457,5.6813474,.35795218,5.2231684,6.1395264,6.492837,.34937802,6.0456333,6.9400406,10,0,10,10,5.0732231,.51862597,4.4093819,5.7370644,5.6923871,.74968356,4.7327924,6.6519818,4.3077431,.42273912,3.7666371,4.8488493,,,,,7.2250009,.73556697,6.2834749,8.1665268,4.7294893,.69997764,3.833518,5.6254606
Maldives,2022,MDV2022,MDV,462,781,46,7.9828916,.4283281,7.4346318,8.5311518,7.7493672,.41021091,7.224297,8.274437,5.5549955,.38245466,5.0654535,6.0445375,6.2741222,.35044801,5.8255486,6.7226958,10,0,10,10,4.6927681,.31191349,4.293519,5.0920172,6.3142085,.51454353,5.6555929,6.9728241,4.4366603,.2839261,4.073235,4.8000855,1.7772644,.5506649,1.0724133,2.4821155,6.953793,.76716775,5.9718184,7.9357677,4.7205591,.73673642,3.7775364,5.6635818
Maldives,2023,MDV2023,MDV,462,781,46,7.5163631,.81173372,6.477344,8.5553827,7.5124693,.70445776,6.6107635,8.414175,5.3270159,.76511508,4.3476686,6.3063631,6.2799978,.74385715,5.3278608,7.2321348,10,0,10,10,4.7160707,.5522691,4.0091662,5.4229751,6.4319887,.66462427,5.5812697,7.2827077,4.0965562,.39749813,3.5877585,4.6053538,1.7845924,.54018825,1.0931515,2.4760334,6.4371085,.78575099,5.4313474,7.4428697,4.5106635,.70344663,3.6102519,5.4110751
Thailand,2021,THA2021,THA,764,800,47,6.9625192,.34347236,6.5228744,7.402164,6.1380715,.56774104,5.4113631,6.8647799,3.5873902,.50725514,2.9381037,4.2366767,5.3888741,.32990456,4.9665961,5.811152,10,0,10,10,3.5880179,.30125153,3.2024159,3.9736199,5.1250267,.5152384,4.4655213,5.7845321,3.4950466,.37165231,3.0193317,3.9707615,,,,,5.4025321,.90975899,4.2380404,6.5670238,3.6818147,.67937404,2.8122158,4.5514135
Thailand,2022,THA2022,THA,764,800,47,7.3562627,.27681047,7.0019455,7.7105799,6.6494055,.41265583,6.1212058,7.1776052,3.9094443,.32725465,3.4905584,4.3283305,5.6663666,.30815092,5.2719336,6.0607996,10,0,10,10,3.7277453,.23526721,3.4266033,4.0288873,4.8281069,.37855804,4.3435526,5.3126612,4.0666327,.2547667,3.7405314,4.3927341,7.6499267,1.4262689,5.8243022,9.4755507,5.8176355,.72614896,4.888165,6.7471061,4.0802412,.63598716,3.2661777,4.8943048
Thailand,2023,THA2023,THA,764,800,47,8.1620827,.62187546,7.3660822,8.9580832,7.2798305,.49628249,6.6445889,7.915072,4.4553547,.68210518,3.5822601,5.3284492,5.8965087,.78473067,4.8920536,6.9009638,10,0,10,10,4.3826571,.449099,3.8078103,4.9575038,5.2032819,.67150426,4.3437562,6.0628076,5.1542621,.48980126,4.5273166,5.7812076,7.645597,1.3928705,5.8627229,9.4284716,6.726162,.90196854,5.5716424,7.8806815,4.8425431,.70883673,3.9352322,5.7498541
Singapore,2022,SGP2022,SGP,702,830,49,8.4107656,.31661481,8.0054989,8.8160324,8.2529869,.31997219,7.8434224,8.6625509,6.6262894,.3118189,6.2271614,7.0254173,6.8323522,.49662146,6.1966767,7.4680276,6.0001736,.52714127,5.3254328,6.6749144,4.3462858,.45747465,3.7607183,4.9318533,6.0016909,.68890035,5.1198983,6.8834834,3.2342763,.41745666,2.6999319,3.7686207,6.4230337,.55046749,5.7184353,7.1276321,7.2318673,.76517564,6.2524424,8.2112923,4.089519,.67261332,3.228574,4.9504642
Singapore,2023,SGP2023,SGP,702,830,49,8.4037094,.31319803,8.0028162,8.8046026,8.3797712,.33211565,7.9546633,8.8048792,6.6247034,.32539997,6.2081914,7.0412154,6.8395958,.50030971,6.1991992,7.4799924,6.4875793,.5037961,5.8427205,7.1324382,4.3166046,.45814586,3.7301779,4.9030313,5.9995928,.66093701,5.1535935,6.845592,3.1238387,.36727485,2.6537268,3.5939505,6.3701611,.54912698,5.6672783,7.0730438,7.2942677,.74338251,6.3427382,8.2457972,4.1904063,.71288514,3.2779133,5.1028991
Sri Lanka,2022,LKA2022,LKA,144,780,50,7.0471997,.2928758,6.6723189,7.4220805,5.8947005,.29895112,5.512043,6.2773581,3.8687336,.25873855,3.5375483,4.1999187,3.9371371,.28239697,3.5756691,4.2986054,10,0,10,10,3.7797666,.22263376,3.4947953,4.0647378,4.2914329,.32349387,3.8773608,4.7055049,3.6215391,.21342033,3.348361,3.8947172,5.9730983,.43788487,5.4126058,6.5335908,5.0905628,.74013633,4.1431885,6.0379372,3.6102104,.68038094,2.7393229,4.4810982
Sri Lanka,2023,LKA2023,LKA,144,780,50,7.356123,.28237337,6.9946852,7.7175608,6.0604873,.26114449,5.7262225,6.394752,4.6950798,.22807261,4.4031467,4.9870129,4.5386925,.23355417,4.2397432,4.8376417,10,0,10,10,3.5611646,.2312759,3.2651315,3.8571978,3.7750573,.34471044,3.333828,4.2162867,3.5479157,.22776654,3.2563746,3.8394568,6.0314498,.38186914,5.5426574,6.5202422,5.44103,.72993553,4.5067124,6.3753476,3.3700743,.65759593,2.5283515,4.2117972
